Job_ID,Date,Product_Name,Supplier,Machine_ID,Machine_Availability,Processing_Time,Scheduled_Duration,Material_Used,Energy_Consumption,Demand,Stock_Level,Lead_Time,Ordering_Cost,Holding_Cost,Order_Quantity,Delay_Flag,Actual_Duration,Delay,Production_Status,Stockout_Risk,Inventory_Turnover,Prev_Demand,Demand_7day_avg
1,2023-11-13,Cooling Fan,Bosch India,2,0.6,105.28454056914589,109.35772232353463,146.90864465612287,38.6514578700495,40,20,6,569,1.86,20,1,123.60842118944875,14.250698865914117,Moderate Delay,1,2.0,40.0,39.42857142857143
2,2023-11-14,Industrial Motor,Siemens India,4,0.78406619420666,74.56538280532942,69.98568297123504,133.48384487518132,32.52576704596741,35,22,5,775,2.68,13,0,71.53960161389593,1.5539186426608893,Minor Delay,1,1.59,40.0,39.42857142857143
3,2023-11-15,Bearing Unit,Larsen & Toubro,3,0.9181329127706177,103.71125780957671,94.10420951509728,165.98060648387636,37.585023592948446,46,79,5,758,1.75,0,0,91.64960292394457,0.0,On Schedule,0,0.58,35.0,39.42857142857143
4,2023-11-16,Cooling Fan,ABB Group,2,0.7839352170351719,87.63318412960868,85.5070230873217,107.46528453453499,26.041836405333054,36,40,7,369,1.03,0,0,85.59562733177435,0.0886042444526538,Minor Delay,0,0.9,46.0,39.42857142857143
5,2023-11-17,Control Valve,Tata Steel Ltd,3,0.8010691030115246,110.92763532019187,115.41372642763044,154.85199977327096,26.71971296304627,36,12,3,617,4.88,24,0,112.79698113080177,0.0,On Schedule,1,3.0,36.0,39.42857142857143
6,2023-11-18,Bearing Unit,Mahindra Industrial,2,0.9300618737480083,72.87540418800879,64.17780846007038,114.70505980345723,33.97953611788844,37,69,10,675,2.73,0,1,75.44731425875241,11.269505798682033,Moderate Delay,0,0.54,36.0,39.42857142857143
7,2023-11-19,Bearing Unit,Bosch India,1,0.7627328099636705,88.34435358571831,81.31931866492786,108.99926051038508,30.145630491528383,46,56,5,388,4.88,0,0,80.45782579587458,0.0,On Schedule,0,0.82,37.0,39.42857142857143
8,2023-11-20,Cooling Fan,Bosch India,3,0.7487808932732991,90.40149444950619,93.97561687203677,109.77729329278847,41.89517672180021,40,59,5,488,1.56,0,0,94.58207766607512,0.6064607940383553,Minor Delay,0,0.68,46.0,39.42857142857143
9,2023-11-21,Gear Assembly,Tata Steel Ltd,4,0.7146852246995661,73.39063534403786,66.71829742978966,107.88530132834319,27.576944913714556,36,19,4,556,3.35,17,1,85.01984622975822,18.301548799968558,Critical Delay,1,1.89,40.0,39.57142857142857
10,2023-11-22,Control Valve,Siemens India,4,0.8132015778482345,51.54496349499852,46.35187990433846,72.14305809444012,20.734355110860506,41,80,7,516,1.8,0,0,46.68857315326174,0.33669324892328234,Minor Delay,0,0.51,36.0,38.857142857142854
11,2023-11-23,Cooling Fan,Tata Steel Ltd,5,0.949670494404916,47.48475255298685,46.389366051320565,69.46920363164828,20.953993081689447,44,68,4,749,4.16,0,0,45.81729855874856,0.0,On Schedule,0,0.65,41.0,40.0
12,2023-11-24,Control Valve,Larsen & Toubro,2,0.7013534827631972,41.33372404797065,42.429623672181975,56.11532452546168,16.440350825151658,39,45,8,681,4.13,0,1,64.22221142356182,21.79258775137984,Critical Delay,0,0.87,44.0,40.42857142857143
13,2023-11-25,Control Valve,Tata Steel Ltd,3,0.7429406753264407,109.88274113961717,105.60925508364448,142.71907189660251,35.098355333232014,39,56,4,331,1.45,0,0,105.18354304747717,0.0,On Schedule,0,0.7,39.0,40.714285714285715
14,2023-11-26,Bearing Unit,Bosch India,5,0.733701773076613,58.917992979095565,61.809447903345806,95.06335765580941,20.86227302826032,56,84,4,440,4.65,0,0,60.17006522345041,0.0,On Schedule,0,0.67,39.0,42.142857142857146
15,2023-11-27,Industrial Motor,ABB Group,3,0.7979043629698009,56.920539942541446,56.6620745241738,85.87844739712942,25.09704344740606,42,63,5,460,1.78,0,0,56.39737005471842,0.0,On Schedule,0,0.67,56.0,42.42857142857143
16,2023-11-28,Control Valve,Tata Steel Ltd,2,0.6,98.88283203408524,88.26209741329231,130.53448759203388,30.860846255537837,45,33,3,331,3.45,12,1,100.4696598444237,12.207562431131393,Moderate Delay,1,1.36,42.0,43.714285714285715
17,2023-11-29,Conveyor Belt,Siemens India,4,0.7266190651981483,65.60128904699134,68.80141586110607,91.30083385345617,20.758638170641127,45,67,4,611,4.94,0,0,71.52094499543107,2.7195291343250005,Minor Delay,0,0.67,45.0,44.285714285714285
18,2023-11-30,Bearing Unit,ABB Group,1,0.903077285740228,80.48357539294693,76.40644006069529,125.1587802842744,18.40715987962358,45,74,8,451,4.53,0,0,78.50915756739803,2.1027175067027457,Minor Delay,0,0.61,45.0,44.42857142857143
19,2023-12-01,Gear Assembly,Mahindra Industrial,4,0.7032756688935906,53.0008852237965,49.23031907753428,65.89799390710333,25.14231244835688,50,53,9,646,4.83,0,1,62.768360823991024,13.538041746456742,Moderate Delay,0,0.94,45.0,46.0
20,2023-12-02,Industrial Motor,SKF Bearings,5,0.9202147719060899,116.77965771695754,113.84141860888165,150.46729643121296,26.54528845313406,52,73,8,559,2.37,0,0,111.71281582333971,0.0,On Schedule,0,0.71,50.0,47.857142857142854
21,2023-12-03,Conveyor Belt,Tata Steel Ltd,1,0.782085836878224,108.12651200137898,100.74496270266552,134.50368941659434,42.65188162171439,47,84,3,515,1.42,0,0,97.92364742659105,0.0,On Schedule,0,0.56,52.0,46.57142857142857
22,2023-12-04,Conveyor Belt,Siemens India,5,0.7038664462819795,109.10316983720026,97.61436343085148,184.09964135232633,35.34488218642458,42,35,6,578,1.75,7,1,122.25271912087976,24.638355690028277,Critical Delay,1,1.2,47.0,46.57142857142857
23,2023-12-05,Gear Assembly,ABB Group,2,0.718010769343475,72.54189988576042,63.85448640198003,119.79899702418489,23.335700337042127,55,38,7,584,3.0,17,1,84.53281659556409,20.678330193584053,Critical Delay,1,1.45,42.0,48.0
24,2023-12-06,Industrial Motor,Siemens India,1,0.9247230097432052,100.98889709657382,96.58872702893247,166.83242181133215,40.78593656794273,49,60,5,397,4.17,0,0,99.18987290523225,2.601145876299782,Minor Delay,0,0.82,55.0,48.57142857142857
25,2023-12-07,Bearing Unit,Mahindra Industrial,5,0.8342524449398848,51.510092431182414,52.65705641873898,83.95090170936813,11.338819797031912,58,84,10,704,1.6,0,1,75.60113903737481,22.944082618635825,Critical Delay,0,0.69,49.0,50.42857142857143
26,2023-12-08,Hydraulic Pump,Bosch India,2,0.8495888071609637,40.689520207342426,39.76560693527421,65.16960728256028,15.385185077254022,38,69,4,329,3.64,0,0,39.92610543455869,0.16049849928448623,Minor Delay,0,0.55,58.0,48.714285714285715
27,2023-12-09,Industrial Motor,Siemens India,4,0.8076371020340771,41.59783460624225,43.67212064648907,61.82250001014032,17.9540220843404,51,53,6,389,2.29,0,0,43.89914758538492,0.2270269388958468,Minor Delay,0,0.96,38.0,48.57142857142857
28,2023-12-10,Gear Assembly,ABB Group,2,0.9256512847311207,86.92813899236484,80.73571997727434,137.8129940723022,38.984125918317666,60,70,7,447,2.36,0,0,82.42002795151348,1.6843079742391325,Minor Delay,0,0.86,51.0,50.42857142857143
29,2023-12-11,Conveyor Belt,Siemens India,3,0.7875151457918259,76.43159241983525,70.90385795376426,93.47713173588969,19.1964912491693,49,87,4,443,3.65,0,0,69.79199179699222,0.0,On Schedule,0,0.56,60.0,51.42857142857143
30,2023-12-12,Bearing Unit,Siemens India,2,0.8345535851645469,81.44122791268158,73.88001323713269,128.09716890634644,38.21431839971594,49,41,5,366,2.87,8,0,73.7714586501487,0.0,On Schedule,1,1.2,49.0,50.57142857142857
31,2023-12-13,Industrial Motor,Siemens India,2,0.8262183741723826,40.597051233377556,36.85768972808997,67.66418611904274,16.11068919886883,52,61,4,732,4.25,0,0,39.6696672069704,2.8119774788804293,Minor Delay,0,0.85,49.0,51.0
32,2023-12-14,Hydraulic Pump,Larsen & Toubro,3,0.9524156651099954,73.81492957259405,68.53581286880278,110.73826576681229,34.29120091926861,48,90,6,656,1.62,0,0,69.56870499039722,1.0328921215944433,Minor Delay,0,0.53,52.0,49.57142857142857
33,2023-12-15,Hydraulic Pump,Larsen & Toubro,5,0.821173904492885,97.44545289606887,98.88597028712978,137.83737239826652,33.67561035737348,49,62,7,357,4.16,0,0,96.80844047910449,0.0,On Schedule,0,0.79,48.0,51.142857142857146
34,2023-12-16,Control Valve,Bosch India,5,0.8415758388505985,75.41549615739487,77.97801323834963,103.05196030027895,27.34641332778635,49,31,7,787,1.26,18,1,91.75325765138223,13.775244413032596,Moderate Delay,1,1.58,49.0,50.857142857142854
35,2023-12-17,Control Valve,Tata Steel Ltd,2,0.7197497877097964,98.57753650497779,103.08891960583752,156.31254934516969,46.894466091975275,48,37,4,727,1.78,11,0,100.88828009374363,0.0,On Schedule,1,1.3,49.0,49.142857142857146
36,2023-12-18,Cooling Fan,Siemens India,3,0.932875147552459,58.64151715174678,53.92024410846515,94.74596860542005,27.559921706845437,58,39,5,580,3.62,19,0,52.14583265846318,0.0,On Schedule,1,1.49,48.0,50.42857142857143
37,2023-12-19,Gear Assembly,Mahindra Industrial,3,0.9093153153744604,105.05136035853803,108.18405314357165,180.9594311465082,35.13424489377285,54,45,7,578,4.42,9,0,109.78432319009595,1.600270046524301,Minor Delay,1,1.2,58.0,51.142857142857146
38,2023-12-20,Industrial Motor,Tata Steel Ltd,4,0.6949411070190844,87.07449923627618,81.4846094064222,122.37454036461192,24.583202592390947,53,91,5,535,2.01,0,0,80.25687142946589,0.0,On Schedule,0,0.58,54.0,51.285714285714285
39,2023-12-21,Industrial Motor,Mahindra Industrial,5,0.6610713512344273,56.8610479543925,51.12848157407103,94.49529359580008,18.079034471080888,56,42,10,742,2.31,14,1,60.810005653753336,9.681524079682305,Moderate Delay,1,1.33,53.0,52.42857142857143
40,2023-12-22,Cooling Fan,Tata Steel Ltd,1,0.87650494469592,58.93763806830663,60.58224790913104,90.57615751813226,18.64370170886723,50,80,3,684,3.15,0,0,57.71058098918152,0.0,On Schedule,0,0.62,56.0,52.57142857142857
41,2023-12-23,Conveyor Belt,Bosch India,5,0.9501481264700554,90.24243716556296,89.17197757574324,156.09251452116516,25.81475721526745,48,68,4,652,1.85,0,0,91.83702375677721,2.665046181033972,Minor Delay,0,0.71,50.0,52.42857142857143
42,2023-12-24,Conveyor Belt,Siemens India,5,0.7722541268391174,106.39516745699547,96.60726447871654,161.36819553715998,29.85170508496096,49,70,7,698,4.24,0,1,109.84453378644558,13.237269307729036,Moderate Delay,0,0.7,48.0,52.57142857142857
43,2023-12-25,Cooling Fan,Siemens India,4,0.6,73.25022256233241,69.81268585195521,110.6501671558307,33.571960033660964,52,42,6,427,4.09,10,1,89.13452420858547,19.321838356630266,Critical Delay,1,1.24,49.0,51.714285714285715
44,2023-12-26,Conveyor Belt,SKF Bearings,1,0.6,60.66403433020738,56.34680602340107,93.83065426055167,13.404238652478039,46,89,9,636,1.58,0,1,63.535414120120656,7.188608096719584,Moderate Delay,0,0.52,52.0,50.57142857142857
45,2023-12-27,Control Valve,Mahindra Industrial,4,0.9351025828810665,109.36092855284804,109.93562861826948,180.40060807378788,44.103442132230995,49,25,7,781,2.86,24,0,107.95390911663894,0.0,On Schedule,1,1.96,46.0,50.0
46,2023-12-28,Industrial Motor,Tata Steel Ltd,1,0.7410630479767452,93.5414633400668,89.5267347507631,166.3928914439865,23.558044820336015,49,77,3,508,4.1,0,0,86.58408386765151,0.0,On Schedule,0,0.64,49.0,49.0
47,2023-12-29,Cooling Fan,Tata Steel Ltd,2,0.9936920924777203,75.84683898264612,79.50095694462023,94.36393550851128,23.00827270397887,62,63,4,735,2.35,0,0,77.92374655892017,0.0,On Schedule,0,0.98,49.0,50.714285714285715
48,2023-12-30,Industrial Motor,Larsen & Toubro,1,0.9268224404268705,79.03201562234415,70.28369681750435,97.37224534537734,17.265564135026096,37,42,8,485,3.53,0,0,68.69386954021316,0.0,On Schedule,0,0.88,62.0,49.142857142857146
49,2023-12-31,Hydraulic Pump,SKF Bearings,4,0.7913769587116204,56.34051743491171,52.97995178726184,99.30186360037736,15.831239805248847,50,65,9,468,1.2,0,1,63.38933389959202,10.409382112330178,Moderate Delay,0,0.77,37.0,49.285714285714285
50,2024-01-01,Control Valve,ABB Group,5,0.8819746731149304,90.14421040518752,86.71179186646867,136.83218441140113,38.80945529540918,60,70,8,471,3.43,0,0,86.24382337154302,0.0,On Schedule,0,0.86,50.0,50.42857142857143
51,2024-01-02,Bearing Unit,ABB Group,1,0.6921503333293532,68.69940084343109,66.33151828064335,107.78536221865816,31.979886928781635,52,73,5,559,1.61,0,0,68.85385726964357,2.522338989000218,Minor Delay,0,0.71,60.0,51.285714285714285
52,2024-01-03,Control Valve,Larsen & Toubro,1,0.8897614579047824,119.65161413394794,111.7197997267744,178.21559453701067,31.88214721667394,55,72,7,504,4.32,0,0,113.99490923344898,2.275109506674582,Minor Delay,0,0.76,52.0,52.142857142857146
53,2024-01-04,Cooling Fan,Larsen & Toubro,3,0.8187981789365351,78.41468122095102,78.72605355773726,98.50408903925009,26.587623058034907,51,90,5,751,2.42,0,0,78.46742088763183,0.0,On Schedule,0,0.57,55.0,52.42857142857143
54,2024-01-05,Bearing Unit,Larsen & Toubro,5,0.7471009131798267,78.87084849516906,81.13499413955482,130.99293479180722,26.902626717580823,47,71,6,434,2.13,0,0,80.60039356950566,0.0,On Schedule,0,0.66,51.0,50.285714285714285
55,2024-01-06,Hydraulic Pump,Mahindra Industrial,2,0.8330552524211906,85.26814299285375,88.64325061781535,140.5504463225433,39.400071824534834,39,14,7,345,4.36,25,1,94.57596862704716,5.932718009231806,Moderate Delay,1,2.79,47.0,50.57142857142857
56,2024-01-07,Cooling Fan,Mahindra Industrial,4,0.8623737541527879,113.34048024949973,115.25206651482523,157.2057387914154,48.604899345942144,51,82,7,308,1.2,0,0,115.58212103367434,0.33005451884910997,Minor Delay,0,0.62,39.0,50.714285714285715
57,2024-01-08,Gear Assembly,Bosch India,2,0.6811827582050586,104.06544798878002,106.62531580825278,143.99989213439963,36.831172772448475,46,36,4,770,2.59,10,0,105.08603988008338,0.0,On Schedule,1,1.28,51.0,48.714285714285715
58,2024-01-09,Industrial Motor,Bosch India,5,0.8180387554412394,76.0904055838273,74.08106350056379,129.55950099340168,30.529309075199652,45,47,5,460,2.48,0,0,71.39417345236197,0.0,On Schedule,0,0.96,46.0,47.714285714285715
59,2024-01-10,Hydraulic Pump,Larsen & Toubro,1,0.8987046015180898,97.49594127782368,99.48495582886314,121.22785290445205,44.28329182878916,47,43,8,588,2.14,4,0,102.12030064589038,2.6353448170272458,Minor Delay,1,1.09,45.0,46.57142857142857
60,2024-01-11,Industrial Motor,SKF Bearings,1,0.872003254718181,86.89883990246094,80.95458250800485,150.2188170175159,17.628445192103015,58,73,8,639,4.65,0,0,79.07477641726788,0.0,On Schedule,0,0.79,47.0,47.57142857142857
61,2024-01-12,Conveyor Belt,Tata Steel Ltd,5,0.8335121735907369,79.38936389609992,75.24058605506043,107.49296165372073,25.473427764762977,61,54,5,687,4.0,7,0,73.43099043053473,0.0,On Schedule,1,1.13,58.0,49.57142857142857
62,2024-01-13,Gear Assembly,Mahindra Industrial,1,0.8089606526893506,55.38526182274804,51.72292314573224,86.16788349409819,26.15142247151167,49,73,8,620,1.26,0,1,65.36987791249487,13.646954766762633,Moderate Delay,0,0.67,61.0,51.0
63,2024-01-14,Gear Assembly,SKF Bearings,1,0.7112425051975758,77.11490107639128,73.98834273058655,135.84534040474963,32.54973005700668,46,79,9,405,3.86,0,1,95.53725745017881,21.54891471959226,Critical Delay,0,0.58,49.0,50.285714285714285
64,2024-01-15,Hydraulic Pump,Siemens India,1,0.8380122051028299,59.66548696180597,55.40230049416072,95.87488991853238,21.64976587515876,42,85,7,589,3.11,0,0,55.2370624672844,0.0,On Schedule,0,0.49,46.0,49.714285714285715
65,2024-01-16,Gear Assembly,Mahindra Industrial,4,0.9099603525234036,113.18737198813237,118.10807359338123,163.9697791937659,40.622196028527696,50,58,8,774,4.6,0,0,118.05775366242322,0.0,On Schedule,0,0.86,42.0,50.42857142857143
66,2024-01-17,Bearing Unit,Mahindra Industrial,4,0.8406180301359163,66.83254507970776,62.36703412984547,107.84904975605238,20.339217233598436,56,69,7,640,2.25,0,0,59.47763938804992,0.0,On Schedule,0,0.81,50.0,51.714285714285715
67,2024-01-18,Gear Assembly,Bosch India,3,0.8807320856566876,116.18112116266978,104.17584376462227,163.3957092778217,41.37862198853265,46,27,7,387,3.3,19,1,109.66911753058248,5.493273765960211,Moderate Delay,1,1.7,56.0,50.0
68,2024-01-19,Industrial Motor,Tata Steel Ltd,2,0.6511039926790307,82.64442320757689,80.1286375627624,112.92162498826708,32.7780145913934,35,61,5,762,3.0,0,1,98.63510809890573,18.506470536143325,Critical Delay,0,0.57,46.0,46.285714285714285
69,2024-01-20,Industrial Motor,Tata Steel Ltd,5,0.9307628871259048,90.52355029409283,80.53942217969599,162.76224565535216,29.46622232393807,49,83,4,782,2.96,0,0,78.42715061233982,0.0,On Schedule,0,0.59,35.0,46.285714285714285
70,2024-01-21,Cooling Fan,ABB Group,5,0.8382520507027678,83.43523555914622,74.99095046251843,137.70769854737034,34.56270791019019,51,77,7,491,2.82,0,0,74.25987937388288,0.0,On Schedule,0,0.66,49.0,47.0
71,2024-01-22,Industrial Motor,ABB Group,5,0.8291696074793412,50.350449357336075,46.186275670600374,79.89770357129893,23.079118764541157,38,36,5,452,1.82,2,0,47.28865983166361,1.1023841610632346,Minor Delay,1,1.06,51.0,46.42857142857143
72,2024-01-23,Cooling Fan,ABB Group,3,0.9418279830970402,70.06569752063527,67.18876792397754,99.01500702917386,17.264570039310815,46,46,6,610,4.02,0,0,65.55927866496916,0.0,On Schedule,0,1.0,38.0,45.857142857142854
73,2024-01-24,Industrial Motor,ABB Group,4,0.8910165499441487,47.93168898220991,45.710182623921824,58.931843722552294,16.07936123400027,47,31,7,436,2.81,16,0,45.2482693013724,0.0,On Schedule,1,1.52,46.0,44.57142857142857
74,2024-01-25,Bearing Unit,Siemens India,3,0.8919992259712914,89.83632353467054,91.26899877380748,109.47760957968688,28.963772185733813,44,35,6,572,4.83,9,0,91.61306916210629,0.3440703882988032,Minor Delay,1,1.26,47.0,44.285714285714285
75,2024-01-26,Cooling Fan,Siemens India,5,0.9392370423908573,75.74993561603512,76.18252010375085,116.08743939115816,30.77261151672415,40,16,4,448,2.04,24,0,78.5140750714906,2.3315549677397485,Minor Delay,1,2.5,44.0,45.0
76,2024-01-27,Control Valve,Mahindra Industrial,2,0.864508477110161,102.23879772567494,97.37980786902588,169.43214280680425,28.111604316754754,49,50,8,487,3.73,0,0,96.33623088298862,0.0,On Schedule,0,0.98,40.0,45.0
77,2024-01-28,Conveyor Belt,Larsen & Toubro,1,0.852325230275461,57.63763847994959,53.99088868318761,87.74912667921005,22.598292927732793,41,63,8,440,4.76,0,0,51.792238278368515,0.0,On Schedule,0,0.65,49.0,43.57142857142857
78,2024-01-29,Hydraulic Pump,Bosch India,4,0.8924679414847213,53.16528467434679,49.645726522604754,90.61868822896665,24.62864653546874,35,18,7,430,3.65,17,1,73.29564401287955,23.649917490274795,Critical Delay,1,1.94,41.0,43.142857142857146
79,2024-01-30,Industrial Motor,Bosch India,4,0.6570880462263551,72.50657847710143,73.34614410127084,88.46208029948637,23.596503191677968,32,29,6,751,4.49,3,1,83.08470133149449,9.738557230223648,Moderate Delay,1,1.1,35.0,41.142857142857146
80,2024-01-31,Gear Assembly,ABB Group,3,0.9620750567730505,114.12683065747049,101.44189695532015,162.06594806068796,54.01676648684172,48,49,5,303,4.31,0,0,101.3775303107058,0.0,On Schedule,0,0.98,32.0,41.285714285714285
81,2024-02-01,Industrial Motor,Mahindra Industrial,4,0.6888971310003601,96.83374520099294,85.42476239497408,129.97434255338757,48.21827837182356,45,62,9,790,2.44,0,1,104.29745920952705,18.872696814552967,Critical Delay,0,0.73,48.0,41.42857142857143
82,2024-02-02,Gear Assembly,SKF Bearings,5,0.9452110469929067,73.5138899834335,74.63442887927711,107.94513344432006,17.042549783083906,42,23,6,775,3.4,19,0,76.11475848938149,1.480329610104377,Minor Delay,1,1.83,45.0,41.714285714285715
83,2024-02-03,Conveyor Belt,Larsen & Toubro,5,0.7277684976845602,81.38177358034484,78.21723386772535,101.19219984250546,21.966239249097363,39,76,8,562,1.63,0,1,102.71927188972936,24.502038022004,Critical Delay,0,0.51,42.0,40.285714285714285
84,2024-02-04,Conveyor Belt,Mahindra Industrial,3,0.8610195840140538,46.73704089416787,42.16848549809286,82.84042280331748,22.67278937183588,38,56,9,325,3.14,0,1,66.41404670114213,24.245561203049263,Critical Delay,0,0.68,39.0,39.857142857142854
85,2024-02-05,Conveyor Belt,Larsen & Toubro,5,0.81644511708835,118.76607171008905,109.27027402056416,158.4283862359479,57.89825876234144,35,48,7,758,1.92,0,0,106.92943256288056,0.0,On Schedule,0,0.73,38.0,39.857142857142854
86,2024-02-06,Gear Assembly,Larsen & Toubro,2,0.7168068963205418,93.31258437559352,96.90751439719787,163.61285452275902,21.397712388709582,38,52,5,323,3.97,0,0,96.45561534737963,0.0,On Schedule,0,0.73,35.0,40.714285714285715
87,2024-02-07,Industrial Motor,Larsen & Toubro,3,0.8042936523403935,62.832325477073795,64.47322344103104,91.45470497392213,12.84918229262404,29,10,6,790,3.11,19,1,74.17180730161391,9.698583860582872,Moderate Delay,1,2.9,38.0,38.0
88,2024-02-08,Conveyor Belt,Mahindra Industrial,2,0.9314980676749869,86.86467153721955,86.92230264520803,155.60194392099396,21.571104488886178,36,80,7,565,2.64,0,0,84.02901349278294,0.0,On Schedule,0,0.45,29.0,36.714285714285715
89,2024-02-09,Bearing Unit,ABB Group,1,0.6,48.75858928551952,46.904704302609744,74.7193702382246,24.320971325522557,38,37,6,528,2.08,1,1,53.911325366851116,7.006621064241372,Moderate Delay,1,1.03,36.0,36.142857142857146
90,2024-02-10,Cooling Fan,Bosch India,2,0.9093105674401922,117.26693350460668,113.56775001654226,206.2138695578522,29.785787622503374,42,75,7,568,4.99,0,0,110.76910510642577,0.0,On Schedule,0,0.56,38.0,36.57142857142857
91,2024-02-11,Gear Assembly,Bosch India,1,0.6421829533128234,53.98279903066928,56.454756205167676,64.95261086582167,18.935237743239494,38,25,6,424,1.29,13,1,64.420406963086,7.9656507579183184,Moderate Delay,1,1.52,42.0,36.57142857142857
92,2024-02-12,Gear Assembly,ABB Group,1,0.8558297656239398,91.84242544441713,95.900113389194,151.44295059607396,41.74470762450825,42,78,7,471,1.17,0,0,95.797833568494,0.0,On Schedule,0,0.54,38.0,37.57142857142857
93,2024-02-13,Industrial Motor,Larsen & Toubro,2,0.9150833600765416,59.63635700311443,54.66243064599535,103.87641908792767,12.292274722155016,45,27,5,533,1.87,18,0,53.451614434900925,0.0,On Schedule,1,1.67,42.0,38.57142857142857
94,2024-02-14,Gear Assembly,SKF Bearings,3,0.9119784974287444,97.40491061188285,99.14726786069303,125.05157433659538,37.145040707202554,43,62,6,594,4.88,0,0,101.21791165472551,2.0706437940324776,Minor Delay,0,0.69,45.0,40.57142857142857
95,2024-02-15,Gear Assembly,Tata Steel Ltd,5,0.6972171550259597,102.14570937922248,93.31329790314723,128.4661572439845,28.918230173110086,40,32,6,702,4.92,8,1,112.35401127279007,19.040713369642845,Critical Delay,1,1.25,43.0,41.142857142857146
96,2024-02-16,Conveyor Belt,Mahindra Industrial,5,0.8838800369738951,93.87357831291462,86.0164885313547,136.56198390961103,43.05985495569267,37,71,10,734,3.62,0,1,105.5316660404202,19.51517750906551,Critical Delay,0,0.52,40.0,41.0
97,2024-02-17,Industrial Motor,Tata Steel Ltd,1,0.8406855745611621,89.1599568204154,88.7084343765241,156.94001075746561,25.414006512678267,32,66,4,574,4.52,0,0,89.32136021328282,0.6129258367587198,Minor Delay,0,0.48,37.0,39.57142857142857
98,2024-02-18,Conveyor Belt,ABB Group,1,0.8256405443004117,111.39752751616093,105.69956478829855,169.92934607731928,45.230372277327646,41,17,8,375,1.86,24,1,124.18429602086252,18.484731232563973,Critical Delay,1,2.41,32.0,40.0
99,2024-02-19,Cooling Fan,SKF Bearings,3,0.6894848472064372,46.29013687918064,48.06594453305829,70.1977833971093,18.620943097622387,45,85,9,607,4.89,0,1,59.787512287903056,11.721567754844763,Moderate Delay,0,0.53,41.0,40.42857142857143
100,2024-02-20,Cooling Fan,Mahindra Industrial,4,0.762143461595632,66.47318126241561,59.50224875204227,85.39647874044188,17.71165049902389,38,26,10,513,1.57,12,1,67.89778754720471,8.395538795162445,Moderate Delay,1,1.46,45.0,39.42857142857143
101,2024-02-21,Conveyor Belt,ABB Group,2,0.6211455018306961,59.86299837046768,57.88508652839085,71.86395554533331,12.597555007597323,46,68,8,730,1.4,0,1,74.5003083674359,16.615221839045056,Critical Delay,0,0.68,38.0,39.857142857142854
102,2024-02-22,Cooling Fan,Larsen & Toubro,1,0.8254609354850119,119.04111696523373,123.34429384930175,200.7133291386738,38.423481307334605,29,59,6,784,1.45,0,0,123.06789161975969,0.0,On Schedule,0,0.49,46.0,38.285714285714285
103,2024-02-23,Industrial Motor,Bosch India,5,0.9704799066116118,71.15118237334988,73.5489289988603,89.12003906940001,20.403166883664223,30,16,7,675,3.29,14,0,72.99654122518608,0.0,On Schedule,1,1.88,29.0,37.285714285714285
104,2024-02-24,Hydraulic Pump,Tata Steel Ltd,3,0.6,98.6090159392319,89.39991661563768,155.83280325432875,43.65355312968902,40,69,4,457,4.12,0,1,104.07352553079501,14.673608915157331,Moderate Delay,0,0.58,30.0,38.42857142857143
105,2024-02-25,Conveyor Belt,Siemens India,2,0.8429079350166488,94.77801311048037,89.31201430413424,165.7449339228376,41.71268088606998,37,39,4,601,2.47,0,0,89.29548718527161,0.0,On Schedule,0,0.95,40.0,37.857142857142854
106,2024-02-26,Bearing Unit,Siemens India,3,0.8214973772873609,56.96649899819022,56.1262794830455,75.4915001989744,19.203816154057083,42,20,6,503,4.91,22,1,75.70296242549156,19.576682942446062,Critical Delay,1,2.1,37.0,37.42857142857143
107,2024-02-27,Bearing Unit,SKF Bearings,2,0.7347194146432224,59.11981441692411,53.627414008030904,94.54226126927708,22.581029944196132,36,46,6,776,2.74,0,1,67.45461558174333,13.827201573712422,Moderate Delay,0,0.78,42.0,37.142857142857146
108,2024-02-28,Gear Assembly,Larsen & Toubro,2,0.7460059599313785,62.502765084242725,65.28812388480485,77.9546452925395,23.830920190143246,31,55,8,448,1.6,0,1,77.06091777853422,11.772793893729371,Moderate Delay,0,0.56,36.0,35.0
109,2024-02-29,Cooling Fan,Tata Steel Ltd,1,0.9638856152953683,72.89018226075034,75.4783220894162,113.87291219801389,32.665548911356346,35,12,5,374,2.86,23,0,72.72095507669216,0.0,On Schedule,1,2.92,31.0,35.857142857142854
110,2024-03-01,Bearing Unit,Larsen & Toubro,3,0.6676035375408989,58.746005252042146,53.3637861578431,76.27340654650646,19.239359266072015,28,10,8,679,3.72,18,1,64.2333577050234,10.869571547180293,Moderate Delay,1,2.8,35.0,35.57142857142857
111,2024-03-02,Gear Assembly,Tata Steel Ltd,3,0.7072183908028511,41.572118619747826,37.43970155056331,68.24363157351503,11.749694337649586,30,21,6,528,4.33,9,1,46.669107951558246,9.229406400994932,Moderate Delay,1,1.43,28.0,34.142857142857146
112,2024-03-03,Hydraulic Pump,SKF Bearings,5,0.7881051950427909,110.35144454457564,98.7115126064495,152.36651856701516,30.844384730383958,41,77,6,603,2.84,0,0,101.06827274497346,2.3567601385239527,Minor Delay,0,0.53,30.0,34.714285714285715
113,2024-03-04,Industrial Motor,SKF Bearings,5,0.871249022084567,117.24878651047072,121.30623035056256,173.29776388988944,42.310125526730694,40,62,9,361,3.37,0,0,124.2960492849663,2.9898189344037434,Minor Delay,0,0.65,41.0,34.42857142857143
114,2024-03-05,Industrial Motor,Siemens India,1,0.7925539974758737,67.32563096252544,61.46264892487645,105.00498083116148,22.53688203589424,38,74,4,357,2.07,0,0,59.55157167402864,0.0,On Schedule,0,0.51,40.0,34.714285714285715
115,2024-03-06,Industrial Motor,Larsen & Toubro,1,0.7827484619006633,67.08055035403783,63.77807007039721,87.39012921394807,22.273173132781455,27,70,8,573,3.58,0,1,74.09299759413044,10.314927523733225,Moderate Delay,0,0.39,38.0,34.142857142857146
116,2024-03-07,Bearing Unit,Mahindra Industrial,4,0.802094209954322,40.56734502194968,38.794744015692,66.73258038785191,9.222628968160308,34,27,8,407,4.94,7,1,45.69135279257402,6.896608776882026,Moderate Delay,1,1.26,27.0,34.0
117,2024-03-08,Hydraulic Pump,Siemens India,5,0.6,94.42005506642992,92.70461994106594,130.4492566566666,39.23919244335922,30,38,6,486,1.2,0,1,104.64176015964374,11.937140218577795,Moderate Delay,0,0.79,34.0,34.285714285714285
118,2024-03-09,Bearing Unit,Larsen & Toubro,2,0.881381241833399,106.0351916598903,94.60406871762135,169.38306626144848,28.00612153445168,42,65,5,774,4.55,0,0,92.32636650626907,0.0,On Schedule,0,0.65,30.0,36.0
119,2024-03-10,Cooling Fan,Siemens India,3,0.8809960274685371,51.72866402880025,47.515310802319135,66.98705928520918,13.402177255655905,33,54,4,528,3.25,0,0,45.376775583010705,0.0,On Schedule,0,0.61,42.0,34.857142857142854
120,2024-03-11,Bearing Unit,Mahindra Industrial,1,0.8289363471088355,52.77330794937206,54.79734193237529,85.11651662006514,17.08944817327374,31,55,9,347,2.01,0,0,55.76350428178149,0.9661623494062042,Minor Delay,0,0.56,33.0,33.57142857142857
121,2024-03-12,Hydraulic Pump,Bosch India,3,0.836718474300834,103.20665999771502,106.76003622147958,131.78590970504504,27.69380455700055,37,37,4,618,4.82,0,0,107.72868125218423,0.9686450307046499,Minor Delay,0,1.0,31.0,33.42857142857143
122,2024-03-13,Hydraulic Pump,Bosch India,3,0.9766979947208274,89.30325986833157,90.44807497618628,129.9553448758467,33.50278594517076,34,64,6,567,2.93,0,0,92.53561994985674,2.087544973670461,Minor Delay,0,0.53,37.0,34.42857142857143
123,2024-03-14,Cooling Fan,Bosch India,4,0.8524050667440817,43.588844610217365,38.50194849667578,58.77186981320433,13.57526625503629,45,33,5,514,2.33,12,0,40.0129068272333,1.5109583305575214,Minor Delay,1,1.36,34.0,36.0
124,2024-03-15,Hydraulic Pump,Bosch India,5,0.9151830812191522,89.80375923698253,84.01960243671553,148.08865751551818,30.054939923711114,34,33,7,589,1.73,1,0,83.71774047693157,0.0,On Schedule,1,1.03,45.0,36.57142857142857
125,2024-03-16,Hydraulic Pump,ABB Group,1,0.8584534533671156,64.71341782750129,63.85615821137586,87.83040983225227,23.371302391423335,31,10,6,553,1.98,21,1,69.58755445863503,5.731396247259163,Moderate Delay,1,3.1,34.0,35.0
126,2024-03-17,Industrial Motor,Tata Steel Ltd,3,0.728374917934864,69.49801243766768,64.40953031444232,120.16417512102568,18.143196769417838,27,33,6,744,4.33,0,0,65.08666248383423,0.6771321693919106,Minor Delay,0,0.82,31.0,34.142857142857146
127,2024-03-18,Cooling Fan,ABB Group,1,0.6864956254569723,101.57851346375041,105.096150787595,176.2480789674673,25.06200818882424,38,77,7,657,3.46,0,1,113.82442773092153,8.728276943326534,Moderate Delay,0,0.49,27.0,35.142857142857146
128,2024-03-19,Control Valve,ABB Group,2,0.8734912566889087,104.87481541380885,103.5912744155659,138.21082650075192,48.675188447804864,36,71,6,386,4.65,0,0,104.72098243777396,1.1297080222080496,Minor Delay,0,0.51,38.0,35.0
129,2024-03-20,Control Valve,ABB Group,4,0.8761194820814382,72.02853014718644,64.26559350604624,112.96288887005396,23.77785027091999,32,26,8,480,1.93,6,1,84.20100239843482,19.93540889238858,Critical Delay,1,1.23,36.0,34.714285714285715
130,2024-03-21,Hydraulic Pump,Bosch India,2,0.908394694146444,115.77223488050838,119.7699601463723,145.01984230883085,37.46714642624213,45,29,6,324,1.48,16,0,119.84637896808366,0.07641882171135705,Minor Delay,1,1.55,32.0,34.714285714285715
131,2024-03-22,Control Valve,Mahindra Industrial,1,0.8905592495513798,72.51701743616579,75.62222019045227,104.05628253062922,15.278149563915658,43,51,10,745,1.02,0,0,75.4761260971621,0.0,On Schedule,0,0.84,45.0,36.0
132,2024-03-23,Control Valve,SKF Bearings,1,0.9768881266312872,101.74688281840879,90.88144625589821,165.64321683612494,35.54963751539295,40,75,6,687,3.03,0,0,91.75203092975413,0.870584673855916,Minor Delay,0,0.53,43.0,37.285714285714285
133,2024-03-24,Hydraulic Pump,SKF Bearings,5,0.9196235053325408,78.71018116514072,76.3883284156025,125.59421133260619,28.82767598829937,47,48,6,521,4.99,0,0,76.73317570945642,0.3448472938539169,Minor Delay,0,0.98,40.0,40.142857142857146
134,2024-03-25,Control Valve,Tata Steel Ltd,3,0.8628016131642108,111.80258612176672,104.15215070620273,176.06899358111465,41.10447360533501,44,58,5,777,3.78,0,0,105.01580453821819,0.8636538320154585,Minor Delay,0,0.76,47.0,41.0
135,2024-03-26,Bearing Unit,Bosch India,3,0.975976251281566,112.62089949201429,106.6275128782937,154.23708311576613,46.412125775813024,37,76,7,696,2.23,0,0,107.30464152207388,0.6771286437801791,Minor Delay,0,0.49,44.0,41.142857142857146
136,2024-03-27,Gear Assembly,Bosch India,2,0.7432561809554413,46.99334462968671,42.78935324587242,67.05080759205849,11.900808437109884,36,43,4,725,4.51,0,0,44.104532608954344,1.3151793630819242,Minor Delay,0,0.84,37.0,41.714285714285715
137,2024-03-28,Cooling Fan,Bosch India,4,0.8991449016489151,114.91946650481806,112.42252591021939,145.0016694223925,31.67949770875036,46,88,5,348,4.13,0,0,113.27934696291665,0.8568210526972564,Minor Delay,0,0.52,36.0,41.857142857142854
138,2024-03-29,Gear Assembly,Siemens India,3,0.8001871365103645,106.04278732163326,110.58740898160221,172.99965520194465,47.000192954205886,44,27,7,633,1.06,17,1,122.09678875513467,11.509379773532459,Moderate Delay,1,1.63,46.0,42.0
139,2024-03-30,Hydraulic Pump,Larsen & Toubro,5,0.6,103.30485714501336,99.74314761539868,155.19832467571314,50.01516900849097,43,33,8,739,4.27,10,1,118.10788795494557,18.364740339546884,Critical Delay,1,1.3,44.0,42.42857142857143
140,2024-03-31,Industrial Motor,Siemens India,2,0.7500829825840736,56.072907174841795,50.13453279027629,91.13301831655173,13.501224732513057,39,18,4,474,2.2,21,1,69.47221630222184,19.33768351194555,Critical Delay,1,2.17,43.0,41.285714285714285
141,2024-04-01,Cooling Fan,Larsen & Toubro,2,0.8966606811744461,104.4095367003732,102.88518113326668,140.88669089360747,36.469715167585726,46,43,5,691,1.6,3,0,103.00363605189028,0.11845491862359836,Minor Delay,1,1.07,39.0,41.57142857142857
142,2024-04-02,Hydraulic Pump,Bosch India,5,0.7948581497963765,108.01061877480295,101.29645286768303,150.63840682720823,28.542116630542,40,57,6,610,1.91,0,0,102.38723373538934,1.0907808677063144,Minor Delay,0,0.7,46.0,42.0
143,2024-04-03,Industrial Motor,Bosch India,4,0.7983585769352918,63.132026756332074,64.74235318059061,88.41824707616775,13.764167612843734,44,75,7,771,2.87,0,0,64.43924497170318,0.0,On Schedule,0,0.59,40.0,43.142857142857146
144,2024-04-04,Gear Assembly,Siemens India,5,0.8175724585089547,116.1808062689859,110.82432333232354,141.211431874626,34.58133333381941,52,77,5,573,2.7,0,0,109.27435068815915,0.0,On Schedule,0,0.68,44.0,44.0
145,2024-04-05,Hydraulic Pump,Siemens India,4,0.9283709091797516,43.98881171193314,40.15222779872292,61.787948451940736,10.693956709255575,42,29,4,334,2.16,13,0,37.16073711952641,0.0,On Schedule,1,1.45,52.0,43.714285714285715
146,2024-04-06,Cooling Fan,Larsen & Toubro,5,0.8189154627173714,51.992740259771175,47.442749279068266,87.45089193597104,21.47195781862058,38,36,8,516,1.69,2,1,64.06645613371055,16.62370685464228,Critical Delay,1,1.06,42.0,43.0
147,2024-04-07,Cooling Fan,SKF Bearings,5,0.6,83.00649104412115,83.89382302277888,144.29674898375782,29.89210033980581,41,26,6,508,4.05,15,1,108.06777785008684,24.173954827307966,Critical Delay,1,1.58,38.0,43.285714285714285
148,2024-04-08,Conveyor Belt,Larsen & Toubro,1,0.9524087813306242,86.06339768978478,79.6215430530928,130.03585462096487,20.92634452145864,51,77,7,459,4.96,0,0,79.98132793596785,0.3597848828750614,Minor Delay,0,0.66,41.0,44.0
149,2024-04-09,Bearing Unit,Siemens India,2,0.9257133072509095,91.61200666407227,92.5674903035479,134.97206259963838,18.576393470392233,48,39,7,707,4.11,9,0,93.11142166319975,0.5439313596518502,Minor Delay,1,1.23,51.0,45.142857142857146
150,2024-04-10,Control Valve,Mahindra Industrial,5,0.8722711850756386,41.357530345237315,37.84217512327276,50.39393447622852,18.29851997266836,47,58,10,306,2.18,0,1,43.27097245573503,5.428797332462267,Moderate Delay,0,0.81,48.0,45.57142857142857
151,2024-04-11,Industrial Motor,Siemens India,5,0.8013726872565006,116.82934196977043,109.19883008532119,201.8253288939654,29.541271353231135,45,32,6,568,1.98,13,1,128.97188309708403,19.77305301176284,Critical Delay,1,1.41,47.0,44.57142857142857
152,2024-04-12,Conveyor Belt,Mahindra Industrial,3,0.7464968990037165,43.56704741873152,41.786583538667706,52.62054685362951,16.636730243043196,51,87,8,425,1.87,0,1,65.96231641747588,24.17573287880817,Critical Delay,0,0.59,45.0,45.857142857142854
153,2024-04-13,Control Valve,Tata Steel Ltd,2,0.7891479343355751,51.44495621787219,53.52041523442845,90.89552336939398,15.488871163696912,45,27,3,774,1.55,18,0,56.35270902308273,2.832293788654283,Minor Delay,1,1.67,51.0,46.857142857142854
154,2024-04-14,Control Valve,Siemens India,3,0.9139921643214047,41.12116140208456,42.699981344952775,61.41567787619667,15.446990810847963,51,81,6,667,3.21,0,0,41.86885134951843,0.0,On Schedule,0,0.63,45.0,48.285714285714285
155,2024-04-15,Hydraulic Pump,Tata Steel Ltd,2,0.9359554824519742,85.34867466352758,78.10839457062087,119.92860310524154,25.151920547408576,46,90,6,624,3.42,0,0,77.47319402759075,0.0,On Schedule,0,0.51,51.0,47.57142857142857
156,2024-04-16,Control Valve,SKF Bearings,3,0.6501692072948119,114.58135071367778,107.80927629952474,201.03653882766525,25.90476583110723,46,64,8,655,3.82,0,1,130.05471088658354,22.245434587058796,Critical Delay,0,0.72,46.0,47.285714285714285
157,2024-04-17,Bearing Unit,Larsen & Toubro,5,0.8569552002048942,93.27577328643713,84.45168888477757,113.29598118986561,24.893904993020097,48,82,8,389,3.72,0,0,82.66248637283071,0.0,On Schedule,0,0.59,46.0,47.42857142857143
158,2024-04-18,Cooling Fan,Mahindra Industrial,5,0.9773728674094697,105.81259747843418,102.28876958698118,163.88836399295522,27.13220911485337,49,64,9,341,2.17,0,0,99.71197535840511,0.0,On Schedule,0,0.77,48.0,48.0
159,2024-04-19,Conveyor Belt,Larsen & Toubro,1,0.774347028390032,41.0624962766864,39.350150499895136,62.79931937806736,13.48516217510806,51,46,6,664,2.32,5,0,40.98697745706558,1.6368269571704417,Minor Delay,1,1.11,49.0,48.0
160,2024-04-20,Control Valve,Tata Steel Ltd,3,0.9005367188505113,83.36122387837808,86.12291683864528,111.00315889394034,33.13484732938372,53,69,6,458,3.73,0,0,84.62100322468123,0.0,On Schedule,0,0.77,51.0,49.142857142857146
161,2024-04-21,Hydraulic Pump,Mahindra Industrial,4,0.6994645288105575,76.76503820044175,79.68985633635589,111.87218187130306,21.428332666318074,34,37,9,501,2.4,0,1,88.04771017245615,8.357853836100261,Moderate Delay,0,0.92,53.0,46.714285714285715
162,2024-04-22,Bearing Unit,Larsen & Toubro,1,0.6205502919506812,79.91743553766344,75.53847605482358,127.17728263432576,16.27286659043196,49,88,6,665,1.85,0,1,87.07488217985822,11.536406125034645,Moderate Delay,0,0.56,34.0,47.142857142857146
163,2024-04-23,Gear Assembly,Siemens India,3,0.7654830370656892,45.77705482681503,44.11056175985817,74.90402059174902,16.282038218052204,51,42,5,581,2.5,9,0,44.7639909260384,0.6534291661802314,Minor Delay,1,1.21,49.0,47.857142857142854
164,2024-04-24,Cooling Fan,Bosch India,3,0.9284150068932095,94.7548288855446,97.82111053218615,113.74655015709976,36.1705568051102,61,65,4,769,2.09,0,0,98.94774874545904,1.1266382132728836,Minor Delay,0,0.94,51.0,49.714285714285715
165,2024-04-25,Cooling Fan,Tata Steel Ltd,1,0.7108867479640831,80.25763318869076,81.63327529120538,141.4229431927158,39.23483871248136,49,49,6,631,1.35,0,0,81.46069541495527,0.0,On Schedule,0,1.0,61.0,49.714285714285715
166,2024-04-26,Conveyor Belt,Larsen & Toubro,5,0.9145655302777419,101.21190798890112,89.12938961228986,131.44544569815795,38.140821003225426,55,82,5,587,4.32,0,0,91.387502290453,2.258112678163144,Minor Delay,0,0.67,49.0,50.285714285714285
167,2024-04-27,Cooling Fan,Tata Steel Ltd,3,0.9302986482937404,78.82325072493722,73.6532436346194,105.6348423486139,26.90645597975954,62,55,4,390,4.41,7,0,73.31601268049778,0.0,On Schedule,1,1.13,55.0,51.57142857142857
168,2024-04-28,Control Valve,ABB Group,5,0.9004262282995894,51.950530898114565,49.44140447425518,70.55318830654805,19.326661844591253,49,76,5,780,1.88,0,0,48.15085621250577,0.0,On Schedule,0,0.64,62.0,53.714285714285715
169,2024-04-29,Hydraulic Pump,Tata Steel Ltd,1,0.8892158662473706,91.86055632622576,84.42460672185558,112.3171748618732,43.94335168761948,58,49,3,424,1.26,9,0,86.80069985962531,2.376093137769729,Minor Delay,1,1.18,49.0,55.0
170,2024-04-30,Cooling Fan,Mahindra Industrial,5,0.6868787894957489,53.7909089684133,49.16097345817109,68.52054210914622,24.125945820127008,52,72,9,425,3.96,0,1,57.6100102557004,8.44903679752931,Moderate Delay,0,0.72,58.0,55.142857142857146
171,2024-05-01,Cooling Fan,ABB Group,2,0.9132369142768678,109.7915650683852,97.32180867963997,196.72561912913463,32.59641519962219,54,81,5,351,1.85,0,0,99.4911943851397,2.169385705499735,Minor Delay,0,0.67,52.0,54.142857142857146
172,2024-05-02,Gear Assembly,Mahindra Industrial,4,0.8825829860989517,89.04929912553932,88.10295915680364,123.70105667229909,24.148060264551034,53,91,8,703,2.57,0,0,86.08719883926211,0.0,On Schedule,0,0.58,54.0,54.714285714285715
173,2024-05-03,Gear Assembly,Bosch India,3,0.8541139847714837,52.57631068455634,48.613463242766706,66.72883639022798,14.657754056901076,53,72,4,402,1.26,0,0,45.76922935289023,0.0,On Schedule,0,0.74,53.0,54.42857142857143
174,2024-05-04,Industrial Motor,ABB Group,4,0.6740697733262919,116.98704459849654,103.98966933529437,147.89440838380688,41.10062692057439,71,94,8,660,1.91,0,1,121.01583661158844,17.026167276294075,Critical Delay,0,0.76,53.0,55.714285714285715
175,2024-05-05,Bearing Unit,Siemens India,5,0.768142474717453,81.46923706682566,74.89193901398684,132.9313972799082,34.478989752839894,62,55,6,723,4.17,7,1,94.1356986535767,19.243759639589854,Critical Delay,1,1.13,71.0,57.57142857142857
176,2024-05-06,Control Valve,Tata Steel Ltd,3,0.7248193313514668,45.8318761497324,46.58009857651622,78.49814248251064,16.085419343879295,63,102,4,486,4.22,0,0,44.12001191461395,0.0,On Schedule,0,0.62,62.0,58.285714285714285
177,2024-05-07,Cooling Fan,Larsen & Toubro,5,0.7456696063500645,90.14663235320538,92.37804644662664,122.07398950950689,19.86281150151785,61,72,5,504,1.83,0,0,91.09733083794954,0.0,On Schedule,0,0.85,63.0,59.57142857142857
178,2024-05-08,Cooling Fan,SKF Bearings,2,0.9247143884932786,60.255912561024815,57.97349461706538,73.06304812140912,25.13118713717194,50,94,9,313,2.34,0,0,60.80705342751564,2.8335588104502634,Minor Delay,0,0.53,61.0,59.0
179,2024-05-09,Hydraulic Pump,Tata Steel Ltd,1,0.8416595748089277,104.2954761501842,99.15704808817014,139.1149391990881,46.07680672980555,61,61,4,727,1.54,0,0,99.5081450071351,0.35109691896495576,Minor Delay,0,1.0,50.0,60.142857142857146
180,2024-05-10,Industrial Motor,Tata Steel Ltd,3,0.7500879215889156,105.42576588529525,110.30013965446216,130.0858450544251,30.241313422780355,64,40,3,403,1.3,24,0,109.53971004663777,0.0,On Schedule,1,1.6,61.0,61.714285714285715
181,2024-05-11,Bearing Unit,Bosch India,2,0.8816231338981714,118.31578846837294,108.15198804463726,149.31889823266002,47.2361258393098,55,88,6,416,4.97,0,0,110.48428461231374,2.3322965676764795,Minor Delay,0,0.62,64.0,59.42857142857143
182,2024-05-12,Industrial Motor,Siemens India,2,0.8883827900936229,80.14956248196029,73.4659768746534,116.93058718627343,26.287258764749254,64,43,4,769,3.62,21,0,73.1847948635244,0.0,On Schedule,1,1.49,55.0,59.714285714285715
183,2024-05-13,Conveyor Belt,SKF Bearings,3,0.9135944936503092,76.39655037821896,71.01956406684836,102.214842695308,35.657005571268144,63,74,7,765,3.17,0,0,69.91099583725449,0.0,On Schedule,0,0.85,64.0,59.714285714285715
184,2024-05-14,Bearing Unit,ABB Group,5,0.7250011070227537,100.27804843571845,91.18972296756891,151.37648560105117,45.48288052524864,69,74,6,603,4.06,0,1,102.53119835483008,11.34147538726117,Moderate Delay,0,0.93,63.0,60.857142857142854
185,2024-05-15,Cooling Fan,ABB Group,2,0.8229620408417734,50.59765250735413,47.78908568737223,68.41289631288032,18.095218201485615,58,80,6,392,4.36,0,0,50.436402859846176,2.6473171724739473,Minor Delay,0,0.72,69.0,62.0
186,2024-05-16,Cooling Fan,ABB Group,4,0.721401149425109,83.75324110344994,86.67135633615499,147.7677177317779,34.125397431559605,54,34,8,726,4.23,20,1,102.4614878158409,15.790131479685911,Critical Delay,1,1.59,58.0,61.0
187,2024-05-17,Bearing Unit,Mahindra Industrial,2,0.9690217952577415,83.69980801046808,82.41159538965744,145.9361713227637,38.92082171658996,58,47,7,443,1.07,11,0,84.5087013868135,2.0971059971560635,Minor Delay,1,1.23,54.0,60.142857142857146
188,2024-05-18,Cooling Fan,Mahindra Industrial,5,0.6331633032940895,47.157849824830976,44.80141513665473,72.62703409772574,16.444654460031856,67,56,7,409,1.75,11,1,63.619826538078634,18.8184114014239,Critical Delay,1,1.2,58.0,61.857142857142854
189,2024-05-19,Control Valve,Larsen & Toubro,5,0.6686034329555642,73.43872684055309,76.29180926658125,103.74354024864373,21.589166037118492,51,86,5,462,3.62,0,0,78.3538195190979,2.062010252516643,Minor Delay,0,0.59,67.0,60.0
190,2024-05-20,Bearing Unit,SKF Bearings,4,0.6516085755342825,108.26278388537615,96.16321818267012,154.6737541734383,46.13075504014456,50,40,8,352,2.5,10,1,109.5900145148911,13.426796332220974,Moderate Delay,1,1.25,51.0,58.142857142857146
191,2024-05-21,Industrial Motor,ABB Group,2,0.9231856613028375,108.49228975957283,99.351483472243,157.00042605612003,28.861105516035995,60,54,8,717,4.93,6,0,99.42519193054429,0.07370845830128303,Minor Delay,1,1.11,50.0,56.857142857142854
192,2024-05-22,Bearing Unit,Mahindra Industrial,5,0.78228559155362,47.93901319357448,46.79811563237688,78.4544766662088,15.175542587827783,58,76,10,302,3.66,0,1,68.87842624148607,22.08031060910919,Critical Delay,0,0.76,60.0,56.857142857142854
193,2024-05-23,Cooling Fan,Larsen & Toubro,3,0.6066905702378587,47.25767061982647,46.53197927517297,69.51524887737088,21.725209909306876,60,76,7,367,4.83,0,1,66.96297798092931,20.430998705756338,Critical Delay,0,0.79,58.0,57.714285714285715
194,2024-05-24,Control Valve,Siemens India,1,0.8986687587741219,61.01563816015482,54.10407808711645,104.58312044236936,25.463455048732488,65,85,7,545,1.81,0,0,55.84070848000918,1.736630392892728,Minor Delay,0,0.76,60.0,58.714285714285715
195,2024-05-25,Control Valve,Larsen & Toubro,1,0.6927235609119268,109.98128500431947,104.31907328900026,194.27719663868302,35.31975297766568,57,65,7,688,4.46,0,1,110.61238416601167,6.2933108770114075,Moderate Delay,0,0.88,65.0,57.285714285714285
196,2024-05-26,Conveyor Belt,Mahindra Industrial,1,0.6,50.31220680587992,49.82700463883705,70.51596357372037,13.3037223058545,50,88,8,437,2.29,0,1,67.24951062065364,17.422505981816585,Critical Delay,0,0.57,57.0,57.142857142857146
197,2024-05-27,Industrial Motor,Bosch India,2,0.9182769401893717,97.5997442101957,97.47013105581162,149.95387582963565,29.94267600968152,70,73,5,607,4.96,0,0,95.54625121139892,0.0,On Schedule,0,0.96,50.0,60.0
198,2024-05-28,Gear Assembly,Bosch India,4,0.6,48.093249569048254,47.539397291348585,60.45484613229267,13.71769743952877,55,32,7,712,1.63,23,1,57.24590831054358,9.706511019194991,Moderate Delay,1,1.72,70.0,59.285714285714285
199,2024-05-29,Gear Assembly,ABB Group,5,0.7785336325524662,89.85102829982603,83.96540391231618,118.62864401024781,22.716746738267037,54,37,6,651,3.07,17,1,100.11576920566168,16.1503652933455,Critical Delay,1,1.46,55.0,58.714285714285715
200,2024-05-30,Bearing Unit,Bosch India,3,0.6,68.4853839295316,61.35594732484362,99.17227778035598,28.969308777806713,65,64,5,586,4.17,1,1,85.49371617750295,24.137768852659327,Critical Delay,1,1.02,54.0,59.42857142857143
201,2024-05-31,Conveyor Belt,ABB Group,3,0.911833968477903,103.11311703726936,98.22649525766795,136.49306331163297,28.42013693075977,57,73,6,365,2.73,0,0,98.66583300300542,0.4393377453374683,Minor Delay,0,0.78,65.0,58.285714285714285
202,2024-06-01,Hydraulic Pump,ABB Group,2,0.9003137884774096,58.69523590602909,52.93654385010083,101.30423796288396,19.736287221908217,59,79,5,759,2.87,0,0,55.839619387186104,2.9030755370852717,Minor Delay,0,0.75,57.0,58.57142857142857
203,2024-06-02,Bearing Unit,Mahindra Industrial,1,0.6,91.13614635119679,94.8814794219485,118.01873525998712,28.7769521755936,61,94,8,646,4.95,0,1,117.4627195129935,22.581240091045004,Critical Delay,0,0.65,59.0,60.142857142857146
204,2024-06-03,Conveyor Belt,Bosch India,2,0.6940373663372006,58.8546027660708,56.546269170323484,86.71616530842617,29.110852754757406,64,59,4,624,2.7,5,0,55.292019753431255,0.0,On Schedule,1,1.08,61.0,59.285714285714285
205,2024-06-04,Industrial Motor,ABB Group,4,0.7997190386289557,97.0928226489723,90.67829401852606,151.79681653831952,30.810239499935985,57,53,7,720,3.42,4,1,103.76862208082869,13.090328062302632,Moderate Delay,1,1.08,64.0,59.57142857142857
206,2024-06-05,Industrial Motor,SKF Bearings,4,0.9367550313217101,109.8942427648599,111.02304258902767,177.49220748803543,24.615732867392822,66,69,8,454,1.22,0,0,112.78915656451372,1.76611397548605,Minor Delay,0,0.96,57.0,61.285714285714285
207,2024-06-06,Industrial Motor,Siemens India,5,0.9276922612502728,50.1441439301408,48.37161166088744,71.69818408264553,11.3800994257105,47,84,6,386,4.37,0,0,48.31448210413584,0.0,On Schedule,0,0.56,66.0,58.714285714285715
208,2024-06-07,Industrial Motor,Larsen & Toubro,5,0.6744396601427114,109.32765508764028,101.97053626037673,188.20312403868425,41.2412467444764,62,97,7,332,3.59,0,1,112.8008134272638,10.830277166887072,Moderate Delay,0,0.64,47.0,59.42857142857143
209,2024-06-08,Industrial Motor,Larsen & Toubro,4,0.8761556291253649,87.48602035314383,89.06378840503922,134.81521291474348,33.22798363652071,53,91,7,367,2.62,0,0,86.30262250437174,0.0,On Schedule,0,0.58,62.0,58.57142857142857
210,2024-06-09,Conveyor Belt,Mahindra Industrial,4,0.9924387333845075,50.16883926936192,51.54426142760014,73.43236424017864,16.336363599709756,64,107,8,486,1.06,0,0,53.12237781449414,1.5781163868940027,Minor Delay,0,0.6,53.0,59.0
211,2024-06-10,Conveyor Belt,Bosch India,4,0.8155328615654726,74.20334842877696,73.788654725274,92.03770623281345,24.45394407597512,58,72,5,491,3.37,0,0,71.80006959162668,0.0,On Schedule,0,0.81,64.0,58.142857142857146
212,2024-06-11,Control Valve,Bosch India,2,0.8824064556397092,52.86882347880783,46.946666800220264,78.18313946238247,11.429170356352627,53,28,5,512,1.05,25,1,56.634781688385445,9.688114888165181,Moderate Delay,1,1.89,58.0,57.57142857142857
213,2024-06-12,Gear Assembly,ABB Group,4,0.6366459778567959,96.02783110932556,93.74956021750285,162.52148695552464,34.086418539796576,60,99,7,387,1.0,0,1,109.39985761263324,15.650297395130394,Critical Delay,0,0.61,53.0,56.714285714285715
214,2024-06-13,Cooling Fan,Tata Steel Ltd,3,0.7847612810893038,100.70945075343597,101.6923885925472,157.98539395043875,35.391500752426985,61,97,5,727,3.46,0,0,102.48122999534371,0.7888414027965069,Minor Delay,0,0.63,60.0,58.714285714285715
215,2024-06-14,Industrial Motor,ABB Group,1,0.9240823019696613,48.463721621823915,43.77270050349211,82.35427964718585,11.867059287347951,59,87,5,650,1.76,0,0,41.286685667773945,0.0,On Schedule,0,0.68,61.0,58.285714285714285
216,2024-06-15,Hydraulic Pump,Siemens India,4,0.9589437636497122,80.49118821557155,73.961262312849,120.44757767402444,18.605684314607537,50,84,7,407,1.77,0,0,76.64246669782479,2.6812043849757856,Minor Delay,0,0.6,59.0,57.857142857142854
217,2024-06-16,Cooling Fan,SKF Bearings,1,0.7816944640672883,105.17000448207338,108.32764635064663,133.67917621193249,24.932836713477492,53,73,7,539,3.61,0,0,107.0779896737288,0.0,On Schedule,0,0.73,50.0,56.285714285714285
218,2024-06-17,Conveyor Belt,Larsen & Toubro,2,0.8208397756664826,114.89304332407971,101.4988919214956,138.81192602802903,26.460841475138736,55,34,8,515,1.21,21,1,108.78386098665672,7.284969065161121,Moderate Delay,1,1.62,53.0,55.857142857142854
219,2024-06-18,Hydraulic Pump,ABB Group,1,0.8966524148175917,81.08142933934161,81.72713049898572,112.04899975815232,31.047089460077704,54,50,7,476,2.25,4,0,80.08591864905009,0.0,On Schedule,1,1.08,55.0,56.0
220,2024-06-19,Hydraulic Pump,Tata Steel Ltd,2,0.842147233407913,116.02233788891256,111.44426579680773,187.81629726311002,30.043380583702866,58,85,5,352,1.6,0,0,109.21908422120573,0.0,On Schedule,0,0.68,54.0,55.714285714285715
221,2024-06-20,Hydraulic Pump,Tata Steel Ltd,3,0.8556739640504541,82.85511763648239,79.20545468225585,138.71238754646947,22.820705978351764,44,88,5,629,3.32,0,0,81.88146784229014,2.6760131600342874,Minor Delay,0,0.5,58.0,53.285714285714285
222,2024-06-21,Control Valve,ABB Group,2,0.675185021894449,71.53523956799263,63.03731168569456,98.53633740807805,18.032005387859545,55,61,8,348,3.65,0,1,79.02281184825954,15.985500162564975,Critical Delay,0,0.9,44.0,52.714285714285715
223,2024-06-22,Conveyor Belt,Mahindra Industrial,2,0.6,107.85625028423163,109.9376277659922,161.50312434816453,52.56380735514762,52,37,7,668,3.88,15,1,114.96430055580805,5.026672789815848,Moderate Delay,1,1.41,55.0,53.0
224,2024-06-23,Hydraulic Pump,Larsen & Toubro,5,0.8740743542405122,79.43861683664713,74.76526152594145,115.39820217918113,36.25461212649724,48,32,7,413,2.02,16,1,86.24225414085835,11.476992614916895,Moderate Delay,1,1.5,52.0,52.285714285714285
225,2024-06-24,Industrial Motor,Mahindra Industrial,4,0.7680847534289061,77.75220084516184,75.56970879949931,112.45407100243858,20.926884435290876,49,62,7,749,1.36,0,0,76.84113125414714,1.2714224546478334,Minor Delay,0,0.79,48.0,51.42857142857143
226,2024-06-25,Bearing Unit,SKF Bearings,4,0.7734043077827423,79.22499915278627,78.84005412564304,106.06715994771159,23.630431638095786,51,56,6,394,1.31,0,0,80.29001945795157,1.4499653323085369,Minor Delay,0,0.91,49.0,51.0
227,2024-06-26,Hydraulic Pump,Tata Steel Ltd,3,0.9593464248292782,107.74280014957964,107.68322139729689,138.10716300871533,28.33289279830429,34,20,4,746,2.7,14,0,107.67964876557836,0.0,On Schedule,1,1.7,51.0,47.57142857142857
228,2024-06-27,Control Valve,Tata Steel Ltd,3,0.9118737583885709,106.55532333504416,111.0856944607502,140.44131575323135,37.034665237333776,48,60,6,324,4.78,0,0,110.9340611723731,0.0,On Schedule,0,0.8,34.0,48.142857142857146
229,2024-06-28,Cooling Fan,Siemens India,4,0.7990314107166571,72.28159939521689,70.13684474701958,89.13762733977347,14.881564074712644,46,87,6,431,1.87,0,0,67.79697220496844,0.0,On Schedule,0,0.53,48.0,46.857142857142854
230,2024-06-29,Conveyor Belt,SKF Bearings,5,0.8036234945536357,66.663988789642,63.19428307796216,87.92169787865664,26.75961858357448,53,93,6,478,2.03,0,0,63.553329651466115,0.35904657350395297,Minor Delay,0,0.57,46.0,47.0
231,2024-06-30,Control Valve,Tata Steel Ltd,4,0.7852797197713668,79.35424192313035,82.69740570328497,95.663168461401,28.32529390003199,46,72,6,694,1.4,0,0,81.17890467393771,0.0,On Schedule,0,0.64,53.0,46.714285714285715
232,2024-07-01,Hydraulic Pump,SKF Bearings,5,0.7569689336948818,85.82180077896872,84.89138431913699,135.28562823255174,40.30120347885872,49,28,9,444,3.42,21,1,94.29007059574862,9.398686276611627,Moderate Delay,1,1.75,46.0,46.714285714285715
233,2024-07-02,Conveyor Belt,Larsen & Toubro,3,0.9007596346993544,59.066976850239755,54.97278246086425,82.09277553877978,14.726449033920515,57,42,7,663,3.72,15,0,57.835654457666685,2.8628719968024328,Minor Delay,1,1.36,49.0,47.57142857142857
234,2024-07-03,Bearing Unit,Bosch India,1,0.7544264402272063,103.51640677724725,93.31992908987311,184.66155441341357,45.67483129803236,54,53,5,749,3.57,1,0,95.099414729964,1.7794856400908827,Minor Delay,1,1.02,57.0,50.42857142857143
235,2024-07-04,Hydraulic Pump,Tata Steel Ltd,3,0.9344259444810908,78.91862125859383,80.75223743800775,103.87507504724046,34.533865657399915,53,62,4,497,4.44,0,0,80.23018979916507,0.0,On Schedule,0,0.85,54.0,51.142857142857146
236,2024-07-05,Control Valve,Siemens India,3,0.7678008869653011,66.72364387359677,62.82503957677409,93.9133380683076,15.89052648773778,46,55,4,756,2.95,0,0,60.73308712892329,0.0,On Schedule,0,0.84,53.0,51.142857142857146
237,2024-07-06,Gear Assembly,Larsen & Toubro,2,0.6241326462768578,48.54567943711925,48.17089963778273,68.67780063063462,15.513634387026181,51,47,6,624,1.54,4,1,72.59527543699838,24.424375799215646,Critical Delay,1,1.09,46.0,50.857142857142854
238,2024-07-07,Industrial Motor,ABB Group,2,0.8706456515234486,59.10761283228855,56.74560117967779,71.22886405301438,14.83871749700614,47,58,6,383,2.16,0,0,58.457591326510496,1.7119901468327043,Minor Delay,0,0.81,51.0,51.0
239,2024-07-08,Cooling Fan,SKF Bearings,2,0.9045565841776614,115.9424937404787,105.95034499889702,197.51091019391689,32.048377757057025,46,75,7,456,3.65,0,0,103.68266760138492,0.0,On Schedule,0,0.61,47.0,50.57142857142857
240,2024-07-09,Control Valve,ABB Group,2,0.9034504393827345,64.40797494556213,63.267098674322895,78.52598896709803,17.968140899012656,49,87,8,384,3.45,0,0,61.40310119530532,0.0,On Schedule,0,0.56,46.0,49.42857142857143
241,2024-07-10,Conveyor Belt,Mahindra Industrial,5,0.7255304742809262,53.50874314936283,47.639696678938805,94.39519655367782,19.63080173134842,44,38,9,756,3.12,6,1,67.18454307033838,19.544846391399574,Critical Delay,1,1.16,49.0,48.0
242,2024-07-11,Hydraulic Pump,Larsen & Toubro,4,0.9308370214896827,76.85382333239946,73.03174575825393,133.36018274586777,24.856315586440893,54,32,8,775,3.73,22,1,85.0248133674987,11.993067609244761,Moderate Delay,1,1.69,44.0,48.142857142857146
243,2024-07-12,Industrial Motor,ABB Group,1,0.7573655599791784,64.5670194688199,62.81883769926756,98.22665575172516,31.271088616018293,46,38,8,552,3.55,8,1,69.67573942987997,6.856901730612407,Moderate Delay,1,1.21,54.0,48.142857142857146
244,2024-07-13,Hydraulic Pump,Tata Steel Ltd,3,0.9623625252849028,42.81274002169553,40.848833394923645,65.3389776414074,10.185623614443674,49,74,5,674,4.53,0,0,39.11795650138901,0.0,On Schedule,0,0.66,46.0,47.857142857142854
245,2024-07-14,Conveyor Belt,SKF Bearings,5,0.8533157264535772,65.85161738235338,66.3306398134762,104.85334104014717,32.40608405017931,53,95,9,371,3.34,0,0,66.67198364311476,0.3413438296385607,Minor Delay,0,0.56,49.0,48.714285714285715
246,2024-07-15,Hydraulic Pump,Bosch India,1,0.7092731559660003,83.52868991515749,85.26167988154874,119.63229615532929,22.485221021304742,51,45,4,522,4.11,6,0,86.98401980549095,1.7223399239422008,Minor Delay,1,1.13,53.0,49.42857142857143
247,2024-07-16,Gear Assembly,Larsen & Toubro,5,0.8523005526930416,84.13698976159736,85.07186299622319,133.63758849295064,36.3355838940291,38,21,5,575,1.99,17,0,83.95775226857134,0.0,On Schedule,1,1.81,51.0,47.857142857142854
248,2024-07-17,Industrial Motor,Tata Steel Ltd,5,0.6,68.5247136941511,60.75388789404603,84.07030104343754,20.673287881406257,47,47,6,582,3.71,0,1,76.08989978785851,15.336011893812483,Critical Delay,0,1.0,38.0,48.285714285714285
249,2024-07-18,Industrial Motor,Siemens India,3,0.6358066776710327,75.78422050020805,69.19113662281809,93.39863898540051,18.409837705976564,49,48,5,563,4.61,1,1,78.46009424933894,9.268957626520844,Moderate Delay,1,1.02,47.0,47.57142857142857
250,2024-07-19,Conveyor Belt,Mahindra Industrial,4,0.9112056736020625,117.24143345878132,113.86760915416886,172.85353004083086,53.62233403987281,49,91,10,545,2.54,0,0,111.3756280398206,0.0,On Schedule,0,0.54,49.0,48.0
251,2024-07-20,Cooling Fan,SKF Bearings,2,0.949166426163728,70.18787817842494,72.91957263085389,107.3715476826155,20.541062986591285,39,54,7,640,4.12,0,0,72.70680341200041,0.0,On Schedule,0,0.72,49.0,46.57142857142857
252,2024-07-21,Gear Assembly,Larsen & Toubro,4,0.74369684830963,60.65814506079864,61.98914561420615,105.101796801974,24.121113017264605,41,74,8,360,3.9,0,1,77.7177365321733,15.728590917967153,Critical Delay,0,0.55,39.0,44.857142857142854
253,2024-07-22,Control Valve,Larsen & Toubro,3,0.7360108919170997,59.477363525340806,60.859074212400266,75.1077993722485,22.00264579742745,49,68,5,711,1.24,0,0,62.34773565935988,1.4886614469596111,Minor Delay,0,0.72,41.0,44.57142857142857
254,2024-07-23,Hydraulic Pump,Bosch India,3,0.6648835236309955,76.62116901633073,71.37609699877443,129.76475034187115,26.168189778173726,40,55,5,770,3.33,0,1,93.08334408235228,21.707247083577855,Critical Delay,0,0.73,49.0,44.857142857142854
255,2024-07-24,Bearing Unit,Bosch India,3,0.7005851811507964,100.76161189735552,96.0264350667214,133.6127592450045,35.14019316172018,43,55,4,753,1.52,0,0,94.35641812524574,0.0,On Schedule,0,0.78,40.0,44.285714285714285
256,2024-07-25,Hydraulic Pump,Siemens India,1,0.952560756911966,56.47905473507785,54.22102275050771,81.12934885473179,23.702642515750835,52,45,7,558,4.87,7,0,52.54057003874395,0.0,On Schedule,1,1.16,43.0,44.714285714285715
257,2024-07-26,Hydraulic Pump,Mahindra Industrial,4,0.9163323311802191,96.74369017126145,87.72264765994206,134.47000092295988,21.896180717068354,44,32,9,752,4.25,12,1,105.03849870196976,17.315851042027703,Critical Delay,1,1.38,52.0,44.0
258,2024-07-27,Control Valve,Siemens India,4,0.6,41.691985867953306,36.90914721180516,60.0403438303187,16.69573078826726,40,35,5,756,1.44,5,1,54.58491560270521,17.675768390900046,Critical Delay,1,1.14,44.0,44.142857142857146
259,2024-07-28,Hydraulic Pump,Tata Steel Ltd,5,0.941058284203519,73.51463823871569,76.52678974724506,94.8557391448757,34.459518416997206,40,29,4,306,1.49,11,0,79.21015191132533,2.6833621640802647,Minor Delay,1,1.38,40.0,44.0
260,2024-07-29,Gear Assembly,Tata Steel Ltd,5,0.8081834214520378,102.06920521622294,93.99768878199293,153.3224446184946,22.1833596454534,46,23,6,487,3.38,23,1,109.81829456324917,15.820605781256234,Critical Delay,1,2.0,40.0,43.57142857142857
261,2024-07-30,Gear Assembly,Siemens India,5,0.6,67.09863646195451,61.78384161078737,112.79183857885418,16.251021475310832,37,48,7,303,2.38,0,1,85.32915426341555,23.545312652628176,Critical Delay,0,0.77,46.0,43.142857142857146
262,2024-07-31,Industrial Motor,Mahindra Industrial,3,0.6,85.09896811563195,76.09332208624659,124.66321494147886,35.31518512274131,43,63,8,530,1.14,0,1,99.73137577465866,23.63805368841207,Critical Delay,0,0.68,37.0,43.142857142857146
263,2024-08-01,Conveyor Belt,Siemens India,4,0.7773766310605542,56.398338626072864,58.53280807482414,84.27988070412052,18.67825526701474,46,36,6,432,3.17,10,0,61.25773043753921,2.72492236271507,Minor Delay,1,1.28,43.0,42.285714285714285
264,2024-08-02,Cooling Fan,Mahindra Industrial,3,0.9588085042548457,99.35963129009379,97.22889475283426,169.8314981428333,31.900858909520938,51,39,10,694,2.55,12,1,112.48335877430532,15.254464021471051,Critical Delay,1,1.31,46.0,43.285714285714285
265,2024-08-03,Bearing Unit,Mahindra Industrial,1,0.8549381652925817,44.18232826150077,43.89055990540615,71.73596874938123,10.651917094792086,48,31,10,424,1.4,17,1,55.005749648276236,11.115189742870086,Moderate Delay,1,1.55,51.0,44.42857142857143
266,2024-08-04,Hydraulic Pump,ABB Group,5,0.6035093043149204,108.20341159004003,111.98707615107882,161.68539804677758,38.090956507194456,41,22,8,314,4.21,19,1,126.1788162686677,14.191740117588878,Moderate Delay,1,1.86,48.0,44.57142857142857
267,2024-08-05,Hydraulic Pump,SKF Bearings,3,0.7545859995161811,55.85571091373345,52.43485184489874,75.66311727386933,13.291625678648677,50,38,8,747,4.66,12,1,61.16601008881105,8.731158243912311,Moderate Delay,1,1.32,41.0,45.142857142857146
268,2024-08-06,Control Valve,Mahindra Industrial,3,0.9079924977615959,109.95184253666646,108.37472001390556,190.32180683934914,37.71195771593649,43,23,8,781,4.03,20,1,126.10160632026734,17.726886306361777,Critical Delay,1,1.87,50.0,46.0
269,2024-08-07,Conveyor Belt,Bosch India,1,0.7291563605209869,68.20233930404139,60.46791489551576,105.4552918977219,29.26457277607025,39,28,4,312,4.29,11,1,75.46976161116042,15.00184671564466,Critical Delay,1,1.39,43.0,45.42857142857143
270,2024-08-08,Gear Assembly,Mahindra Industrial,2,0.9912452654596772,97.81468595795893,89.18266999606918,130.3565135695491,27.14155130985183,44,70,10,417,1.87,0,0,92.12546438843864,2.942794392369464,Minor Delay,0,0.63,39.0,45.142857142857146
271,2024-08-09,Bearing Unit,Mahindra Industrial,4,0.891754255818486,65.53802382289507,66.93475621818094,89.22817464323501,22.560537367743436,52,60,9,539,2.05,0,0,68.78071382762961,1.845957609448675,Minor Delay,0,0.87,44.0,45.285714285714285
272,2024-08-10,Industrial Motor,Mahindra Industrial,2,0.8863598998404933,112.47293369877181,113.63709836072805,189.1659612364559,55.967070645982304,46,21,8,562,1.83,25,1,120.70310791699364,7.066009556265598,Moderate Delay,1,2.19,52.0,45.0
273,2024-08-11,Gear Assembly,ABB Group,5,0.8234539089877673,50.13097004146995,47.10352354081232,61.48499996004598,20.35292954893116,46,89,6,659,4.06,0,0,45.23262855581999,0.0,On Schedule,0,0.52,46.0,45.714285714285715
274,2024-08-12,Conveyor Belt,ABB Group,3,0.6927835157243649,54.2815831418079,51.244952326232216,97.44930049089524,24.557369888419437,54,48,7,305,4.79,6,1,60.19790794862452,8.952955622392302,Moderate Delay,1,1.12,46.0,46.285714285714285
275,2024-08-13,Cooling Fan,Tata Steel Ltd,1,0.795340511683013,79.44241001270419,77.11508532383782,101.54416296669334,25.775430098492397,39,20,6,739,3.87,19,1,91.70772444782835,14.592639123990537,Moderate Delay,1,1.95,54.0,45.714285714285715
276,2024-08-14,Industrial Motor,ABB Group,1,0.9530298035002853,46.555075123051694,40.97037350679314,78.10270814943289,20.035361912664342,40,21,5,619,4.53,19,0,39.24226263158871,0.0,On Schedule,1,1.9,39.0,45.857142857142854
277,2024-08-15,Cooling Fan,Bosch India,4,0.8438104051931927,55.678414776140954,51.28046237773845,80.00237602972686,11.812328915207795,38,62,7,530,3.55,0,0,50.321813826872805,0.0,On Schedule,0,0.61,40.0,45.0
278,2024-08-16,Control Valve,Bosch India,2,0.8505791646640379,115.50131057696115,105.72983126339595,172.71254124648866,27.35918291585025,49,25,5,733,2.55,24,1,128.48161107777312,22.751779814377173,Critical Delay,1,1.96,38.0,44.57142857142857
279,2024-08-17,Control Valve,ABB Group,4,0.6098330678924547,118.11917289183097,108.97463468872166,204.1560381602947,30.81979372067763,48,69,5,329,2.7,0,1,125.30244910134361,16.327814412621947,Critical Delay,0,0.7,49.0,44.857142857142854
280,2024-08-18,Hydraulic Pump,Siemens India,3,0.8184718656883232,70.10074634643375,71.2927389627745,101.4881251547191,22.47328824256046,55,43,7,321,1.3,12,1,89.9234389669439,18.630700004169412,Critical Delay,1,1.28,48.0,46.142857142857146
281,2024-08-19,Cooling Fan,SKF Bearings,4,0.6,113.86288168111486,105.61289598971337,173.3558106246381,51.66226104018755,49,54,6,708,1.13,0,1,117.39346698459156,11.78057099487819,Moderate Delay,0,0.91,55.0,45.42857142857143
282,2024-08-20,Conveyor Belt,ABB Group,1,0.7081468272524669,83.58597405387454,76.27710153086966,102.77562504644803,25.400090351844174,46,70,7,455,3.78,0,1,92.70532939175435,16.42822786088469,Critical Delay,0,0.66,49.0,46.42857142857143
283,2024-08-21,Bearing Unit,Mahindra Industrial,1,0.9286625149446952,61.579397269901364,59.468750394261,73.98201033940039,24.40923301501597,48,83,10,417,2.75,0,0,58.377545582261945,0.0,On Schedule,0,0.58,46.0,47.57142857142857
284,2024-08-22,Industrial Motor,Larsen & Toubro,5,0.874966551067173,96.19189768644789,98.80443655523719,129.55893582619996,39.70746595927106,49,64,6,639,3.21,0,0,101.54360304970524,2.7391664944680514,Minor Delay,0,0.77,48.0,49.142857142857146
285,2024-08-23,Gear Assembly,SKF Bearings,5,0.9301564377432728,92.71214452598858,85.3906154488627,149.11356427476372,34.84629584444447,41,29,7,722,3.23,12,0,87.12505934615287,1.7344438972901628,Minor Delay,1,1.41,49.0,48.0
286,2024-08-24,Conveyor Belt,SKF Bearings,3,0.6374351951048514,119.13002552869867,106.42494664875663,151.62380453940372,36.59347854214899,63,42,6,750,2.11,21,1,120.37254310151798,13.947596452761346,Moderate Delay,1,1.5,41.0,50.142857142857146
287,2024-08-25,Conveyor Belt,Bosch India,2,0.9094701398332186,61.20378299274266,57.56759311240341,77.62213693499298,22.836110848990355,53,32,6,688,2.9,21,0,58.91164586537273,1.3440527529693256,Minor Delay,1,1.66,63.0,49.857142857142854
288,2024-08-26,Control Valve,SKF Bearings,4,0.9344211416688082,93.76476021293882,94.4305659764134,135.6378859771966,28.38068741370874,51,89,9,492,2.88,0,0,92.5463453207622,0.0,On Schedule,0,0.57,53.0,50.142857142857146
289,2024-08-27,Cooling Fan,ABB Group,3,0.8041396101435265,44.161900402355755,42.99679432191926,70.16010934841107,9.943587186963306,54,57,7,698,2.55,0,0,45.453947678093236,2.4571533561739756,Minor Delay,0,0.95,51.0,51.285714285714285
290,2024-08-28,Hydraulic Pump,Mahindra Industrial,5,0.8495457460281832,49.09168309573755,50.01730053740245,79.8841072657566,24.439862101136114,55,34,9,645,4.28,21,1,68.19989878986567,18.182598252463222,Critical Delay,1,1.62,54.0,52.285714285714285
291,2024-08-29,Hydraulic Pump,Mahindra Industrial,4,0.6481914259971711,40.31346999608746,42.05221676924839,52.6925435329328,9.600843807780397,51,61,7,494,2.8,0,1,48.0637280908286,6.011511321580208,Moderate Delay,0,0.84,55.0,52.57142857142857
292,2024-08-30,Industrial Motor,Tata Steel Ltd,5,0.7580752487948164,119.95685448477386,121.72653250107079,149.67651166954113,26.59497626256392,49,42,3,467,3.41,7,0,123.69375477810783,1.9672222770370382,Minor Delay,1,1.17,51.0,53.714285714285715
293,2024-08-31,Control Valve,Mahindra Industrial,4,0.8025530052304776,104.18189577179822,102.37397768173687,183.8016823909316,48.294478838225565,56,94,10,676,4.58,0,1,117.23998200651606,14.866004324779183,Moderate Delay,0,0.6,49.0,52.714285714285715
294,2024-09-01,Conveyor Belt,Mahindra Industrial,2,0.7471954280891674,102.93784117868327,99.2184983036631,139.62487022769963,29.908630751301025,55,51,8,788,4.46,4,1,110.13835080654243,10.919852502879337,Moderate Delay,1,1.08,56.0,53.0
295,2024-09-02,Bearing Unit,Bosch India,3,0.9154618296794542,80.77808602305439,71.63495539795179,138.29272130245107,31.91454067828341,49,57,7,538,4.56,0,0,69.61680644591932,0.0,On Schedule,0,0.86,55.0,52.714285714285715
296,2024-09-03,Control Valve,Mahindra Industrial,4,0.9127738699044514,64.0053666324352,67.03504379006364,109.9672920814298,19.11851303184796,61,91,9,661,2.08,0,0,69.26206578182948,2.227021991765838,Minor Delay,0,0.67,49.0,53.714285714285715
297,2024-09-04,Industrial Motor,Tata Steel Ltd,1,0.7663943006636467,52.101142757014074,49.24557242719578,86.67095721028019,16.53879300505449,56,47,3,781,1.14,9,0,47.87905764541861,0.0,On Schedule,1,1.19,61.0,53.857142857142854
298,2024-09-05,Industrial Motor,Larsen & Toubro,1,0.9192237246070786,62.773979107717096,56.86561663719487,81.68778930727389,17.490958090316624,59,89,7,543,2.04,0,0,54.350835112187504,0.0,On Schedule,0,0.66,56.0,55.0
299,2024-09-06,Control Valve,ABB Group,4,0.9560912549927224,70.07769775433113,69.61101570577492,118.64720987060782,21.2274597971855,62,53,5,368,2.11,9,0,70.55194954486018,0.9409338390852611,Minor Delay,1,1.17,59.0,56.857142857142854
300,2024-09-07,Industrial Motor,Bosch India,4,0.7942837555204681,100.50480775842352,93.30152860080945,166.99379705488948,32.48417099386212,56,48,5,394,4.64,8,0,94.22435655711543,0.92282795630598,Minor Delay,1,1.17,62.0,56.857142857142854
301,2024-09-08,Control Valve,Larsen & Toubro,4,0.7163464501432034,83.1729431122522,81.47474341555399,129.5862561206291,34.610326041981374,58,77,7,798,3.6,0,1,92.99844464111217,11.523701225558185,Moderate Delay,0,0.75,56.0,57.285714285714285
302,2024-09-09,Gear Assembly,Bosch India,1,0.7080929685738864,46.19869012443861,45.26319179691714,64.78540354858663,16.329428662354058,61,91,4,376,1.33,0,0,42.83278385431085,0.0,On Schedule,0,0.67,58.0,59.0
303,2024-09-10,Control Valve,Siemens India,1,0.9106180193374561,41.44232071671298,39.609495523153576,56.258164321402056,20.019523847308907,54,78,7,470,1.54,0,0,38.52260637677307,0.0,On Schedule,0,0.69,61.0,58.0
304,2024-09-11,Cooling Fan,SKF Bearings,4,0.6,48.186574362725054,49.25343305268144,61.347943384424575,10.242736686160722,58,90,9,300,1.62,0,1,73.47178168384266,24.218348631161227,Critical Delay,0,0.64,54.0,58.285714285714285
305,2024-09-12,Control Valve,Siemens India,5,0.7530631632361199,72.83989709579035,67.38013893886583,109.68626789309525,25.561012874958706,59,51,7,705,3.52,8,1,76.03403519309349,8.65389625422766,Moderate Delay,1,1.16,58.0,58.285714285714285
306,2024-09-13,Industrial Motor,Mahindra Industrial,5,0.9539772296453303,114.65543336392146,109.64126927647968,177.84852362422347,43.026450576418135,54,35,9,361,3.94,19,1,120.86617432805161,11.224905051571938,Moderate Delay,1,1.54,59.0,57.142857142857146
307,2024-09-14,Cooling Fan,Larsen & Toubro,2,0.8149637823578558,90.99219849673773,88.39051878925933,128.8088650476632,43.31766374323858,71,55,5,506,4.44,16,0,91.34740556279256,2.9568867735332276,Minor Delay,1,1.29,54.0,59.285714285714285
308,2024-09-15,Industrial Motor,Mahindra Industrial,3,0.877757423024689,104.14607199004121,103.39790770161464,154.67935419833583,22.365114540008644,53,96,7,453,4.76,0,0,104.46846770366706,1.0705600020524173,Minor Delay,0,0.55,71.0,58.57142857142857
309,2024-09-16,Hydraulic Pump,SKF Bearings,5,0.7722190422380897,77.30996756036389,78.33627396936058,109.63393561660145,28.763163804239888,54,31,6,573,1.81,23,1,93.53412548397802,15.19785151461744,Critical Delay,1,1.74,53.0,57.57142857142857
310,2024-09-17,Hydraulic Pump,Bosch India,1,0.6,68.93328665560342,65.28790406967336,109.23193656508374,31.439712299426663,67,85,6,347,2.24,0,1,87.54844303266583,22.26053896299247,Critical Delay,0,0.79,54.0,59.42857142857143
311,2024-09-18,Cooling Fan,SKF Bearings,5,0.9458884334257665,48.672029817329815,48.176936980749176,84.7261048018062,13.266940042463466,65,109,6,436,1.96,0,0,49.55738798036915,1.380450999619974,Minor Delay,0,0.6,67.0,60.42857142857143
312,2024-09-19,Gear Assembly,Tata Steel Ltd,2,0.7462774675834528,110.07464177489639,99.68402070199562,142.91564860455443,50.952198261135806,56,44,4,300,2.44,12,1,113.01742236612303,13.333401664127408,Moderate Delay,1,1.27,65.0,60.0
313,2024-09-20,Hydraulic Pump,SKF Bearings,2,0.8013149530449416,102.65280232223222,106.61008603076706,146.67497268684457,21.11701826277902,65,43,8,534,4.66,22,1,126.48739164853049,19.877305617763426,Critical Delay,1,1.51,56.0,61.57142857142857
314,2024-09-21,Control Valve,Tata Steel Ltd,3,0.7922233456957256,53.44944780781801,50.516141956671014,68.65694682616066,22.434678203007,70,62,4,692,3.3,8,0,48.79364567029685,0.0,On Schedule,1,1.13,65.0,61.42857142857143
315,2024-09-22,Industrial Motor,SKF Bearings,5,0.8791472907116678,80.98084511010084,81.30627811407642,127.54209893647246,38.86545819211396,62,88,7,555,3.95,0,0,78.7789705400999,0.0,On Schedule,0,0.7,70.0,62.714285714285715
316,2024-09-23,Hydraulic Pump,ABB Group,1,0.720981238557867,78.98998463369959,69.78433257435766,129.3320637671161,31.371606885015467,76,88,8,706,2.96,0,1,91.91181453865372,22.127481964296052,Critical Delay,0,0.86,62.0,65.85714285714286
317,2024-09-24,Hydraulic Pump,Tata Steel Ltd,1,0.8478673579574616,90.00732421492229,82.34606407747994,158.3361719356548,29.856219093818577,55,49,5,406,1.12,6,0,81.00747421592557,0.0,On Schedule,1,1.12,76.0,64.14285714285714
318,2024-09-25,Gear Assembly,Larsen & Toubro,4,0.8273192036789616,115.6949515193009,111.39156586672519,158.19238621647492,24.696742411344598,67,85,5,472,1.26,0,0,109.88495617788433,0.0,On Schedule,0,0.79,55.0,64.42857142857143
319,2024-09-26,Cooling Fan,Mahindra Industrial,1,0.6,86.38171534099837,88.91295179316,152.90658274853467,41.12064591932642,70,95,8,429,3.15,0,1,100.11327890959699,11.20032711643698,Moderate Delay,0,0.74,67.0,66.42857142857143
320,2024-09-27,Cooling Fan,Mahindra Industrial,3,0.9171716157410574,83.21738134228949,80.6903503704971,103.01958994212731,28.384522300726818,69,62,9,697,3.88,7,0,79.09761497498542,0.0,On Schedule,1,1.11,70.0,67.0
321,2024-09-28,Conveyor Belt,Siemens India,3,0.6,44.02583463477312,45.70224957308894,68.75991474030677,9.188148688278996,64,106,4,593,1.86,0,0,43.85877550441118,0.0,On Schedule,0,0.6,69.0,66.14285714285714
322,2024-09-29,Gear Assembly,Mahindra Industrial,1,0.6,45.03259808144192,43.33241361513543,55.5828185702231,18.325850132265728,64,104,10,339,3.89,0,1,56.18741728590963,12.855003670774202,Moderate Delay,0,0.62,64.0,66.42857142857143
323,2024-09-30,Control Valve,Bosch India,1,0.8942811872612649,54.98774330614311,52.973891245533785,95.47326733355796,18.946091625725103,68,55,6,746,4.24,13,0,53.42242538946621,0.4485341439324273,Minor Delay,1,1.24,64.0,65.28571428571429
324,2024-10-01,Cooling Fan,ABB Group,4,0.9495531407527622,42.59766173533986,38.3531009694737,64.65837028084155,10.108578278303554,70,106,7,637,2.65,0,0,37.32172182452463,0.0,On Schedule,0,0.66,68.0,67.42857142857143
325,2024-10-02,Industrial Motor,SKF Bearings,1,0.8358447091494551,99.468231645601,101.10463937639945,159.30921605788606,26.287617718198682,69,104,8,315,3.99,0,0,103.02670946668464,1.9220700902851888,Minor Delay,0,0.66,70.0,67.71428571428571
326,2024-10-03,Gear Assembly,Siemens India,4,0.9108428324802667,97.86642431951705,90.23128911546185,166.26960919513985,21.466726553347282,72,76,4,426,2.62,0,0,88.33497362254616,0.0,On Schedule,0,0.95,69.0,68.0
327,2024-10-04,Hydraulic Pump,Bosch India,4,0.8313077681056369,50.884498754531435,52.560335105142165,65.65048691498473,18.943691422717194,61,65,5,672,3.71,0,0,52.348097530353435,0.0,On Schedule,0,0.94,72.0,66.85714285714286
328,2024-10-05,Industrial Motor,Bosch India,1,0.7372863760617345,106.88631206362247,110.61024373037564,130.73852031575214,41.323193522355346,66,91,5,648,4.06,0,0,107.69219074893212,0.0,On Schedule,0,0.73,61.0,67.14285714285714
329,2024-10-06,Industrial Motor,Tata Steel Ltd,2,0.7717027188837756,52.382882787688956,54.49719836703299,90.48245617562435,18.42424841819669,62,84,5,791,4.97,0,0,54.38729230176415,0.0,On Schedule,0,0.74,66.0,66.85714285714286
330,2024-10-07,Hydraulic Pump,Mahindra Industrial,2,0.6878885301128504,64.0940469597887,62.07118648235689,89.02406339371682,28.530224137041674,65,72,9,502,2.38,0,1,74.20231095612402,12.13112447376713,Moderate Delay,0,0.9,62.0,66.42857142857143
331,2024-10-08,Gear Assembly,Larsen & Toubro,4,0.631298240117194,59.9181519329092,59.62490910677423,76.53868900028338,27.460647597794427,72,65,5,433,2.64,7,1,81.28202527913265,21.65711617235842,Critical Delay,1,1.11,65.0,66.71428571428571
332,2024-10-09,Hydraulic Pump,Larsen & Toubro,1,0.6500067901337742,69.78456788584381,70.64624676754555,103.35630046384668,26.84523832792335,68,99,8,558,1.66,0,1,76.53318400661757,5.886937239072026,Moderate Delay,0,0.69,72.0,66.57142857142857
333,2024-10-10,Conveyor Belt,Siemens India,2,0.9247297393426002,60.37310127119695,54.47298812141792,94.12067750493725,12.305664726611592,81,74,6,313,1.82,7,0,51.808017446676764,0.0,On Schedule,1,1.09,68.0,67.85714285714286
334,2024-10-11,Industrial Motor,ABB Group,1,0.834395038824192,79.11607411507617,77.70485879776678,96.40945247154978,32.324367114356264,69,84,7,365,3.77,0,0,80.57119986900264,2.8663410712358655,Minor Delay,0,0.82,81.0,69.0
335,2024-10-12,Bearing Unit,Larsen & Toubro,1,0.9897166432296273,72.59263050837484,64.30477657637894,99.08439597897777,23.6216249136817,68,84,8,779,4.67,0,0,66.04832934828141,1.743552771902472,Minor Delay,0,0.81,69.0,69.28571428571429
336,2024-10-13,Bearing Unit,SKF Bearings,1,0.839427974906129,118.92555926234613,114.7139573561511,145.05111715008405,43.96288384878014,69,95,8,650,2.58,0,0,114.65462621596983,0.0,On Schedule,0,0.73,68.0,70.28571428571429
337,2024-10-14,Control Valve,Larsen & Toubro,5,0.9033162031132752,44.47410801025805,40.307918374013006,64.58535451207834,17.555005842516966,65,43,6,758,1.72,22,1,51.47634015058661,11.168421776573602,Moderate Delay,1,1.51,69.0,70.28571428571429
338,2024-10-15,Cooling Fan,Siemens India,1,0.7268225513756775,51.374510110988126,46.80715676826256,89.24060742935147,15.67287236739302,68,46,6,641,2.14,22,1,65.39532792016516,18.5881711519026,Critical Delay,1,1.48,65.0,69.71428571428571
339,2024-10-16,Hydraulic Pump,Larsen & Toubro,5,0.9800337009013824,44.2260715126882,41.66352829547918,79.14659930892391,21.01311352470981,74,53,6,494,2.82,21,0,39.18305244455529,0.0,On Schedule,1,1.4,68.0,70.57142857142857
340,2024-10-17,Hydraulic Pump,SKF Bearings,4,0.7702685230177977,90.06729559859006,85.88045596757951,142.50704490536998,21.633485297618293,69,84,6,413,2.16,0,0,86.43512861232199,0.5546726447424817,Minor Delay,0,0.82,74.0,68.85714285714286
341,2024-10-18,Control Valve,Tata Steel Ltd,2,0.8267973320113411,44.360742193097565,43.73699964523424,57.53511146931615,17.808777087344048,64,99,3,458,1.93,0,0,45.28958214944551,1.5525825042112658,Minor Delay,0,0.65,69.0,68.14285714285714
342,2024-10-19,Control Valve,ABB Group,2,0.8152071438943773,106.91517899008987,95.43813721676062,186.40764459001156,21.522867379431798,64,93,6,460,3.94,0,0,93.58244073478909,0.0,On Schedule,0,0.69,64.0,67.57142857142857
343,2024-10-20,Control Valve,Siemens India,2,0.8459371294832994,80.95509045455422,78.1724696556802,122.22184207994162,38.64758225400483,66,53,5,553,1.03,13,0,78.58171970040515,0.4092500447249421,Minor Delay,1,1.25,64.0,67.14285714285714
344,2024-10-21,Industrial Motor,Tata Steel Ltd,2,0.8255281400544958,82.1606099665227,74.85211742699775,106.17201431841265,19.205144456483502,69,57,6,771,3.16,12,1,91.1609874183046,16.30886999130685,Critical Delay,1,1.21,66.0,67.71428571428571
345,2024-10-22,Conveyor Belt,Tata Steel Ltd,2,0.9505040023739219,84.92756061697554,83.02312629286354,148.88107129565404,19.402997985631067,74,108,4,684,4.18,0,0,84.90839168316074,1.8852653902972065,Minor Delay,0,0.69,69.0,68.57142857142857
346,2024-10-23,Hydraulic Pump,Tata Steel Ltd,2,0.8045028734356883,53.66509650449686,53.04036952895657,88.7879056291312,16.0942853302442,61,60,4,727,2.06,1,0,54.64985619483446,1.6094866658778955,Minor Delay,1,1.02,74.0,66.71428571428571
347,2024-10-24,Industrial Motor,Bosch India,2,0.6063885082912417,55.815224249159,54.39978217859354,91.48244542779166,17.41825065799083,66,84,6,314,3.41,0,1,68.12556936446742,13.725787185873884,Moderate Delay,0,0.79,61.0,66.28571428571429
348,2024-10-25,Control Valve,ABB Group,4,0.8832042559843446,65.50538582984038,65.86633601621403,106.4795563708866,17.312419842229936,69,53,8,336,3.68,16,1,81.66530056064173,15.79896454442769,Critical Delay,1,1.3,66.0,67.0
349,2024-10-26,Hydraulic Pump,Mahindra Industrial,1,0.8812198831795125,87.47971326574812,81.97317775129818,115.49105798203458,32.851825190194575,59,83,8,454,3.62,0,0,83.7911298585011,1.8179521072029132,Minor Delay,0,0.71,69.0,66.28571428571429
350,2024-10-27,Industrial Motor,ABB Group,3,0.7510595085930304,56.809422075217164,57.381386186616055,75.36360741620544,18.910392596662437,64,82,6,785,2.78,0,0,59.657326735834374,2.275940549218319,Minor Delay,0,0.78,59.0,66.0
351,2024-10-28,Conveyor Belt,Bosch India,5,0.9383567853056914,49.3065381706609,47.017255517834194,79.53025280452434,10.36683162979994,64,52,5,731,2.39,12,0,49.64334813079101,2.6260926129568176,Minor Delay,1,1.23,64.0,65.28571428571429
352,2024-10-29,Industrial Motor,Mahindra Industrial,3,0.8969987019957673,117.60935091347457,113.1768149807724,156.6360911090139,34.80009165069476,63,52,9,326,4.34,11,1,122.12850669733876,8.951691716566359,Moderate Delay,1,1.21,64.0,63.714285714285715
353,2024-10-30,Conveyor Belt,ABB Group,3,0.8095984298292161,41.75854518476983,41.34836609674552,61.10122934506166,18.504458869154938,68,58,7,791,4.03,10,1,54.96269852890573,13.61433243216021,Moderate Delay,1,1.17,63.0,64.71428571428571
354,2024-10-31,Control Valve,Tata Steel Ltd,1,0.7409019593880292,104.21579242688173,92.03514703680247,173.95711487238253,42.40649608347622,66,42,5,311,2.29,24,1,107.06920672032945,15.034059683526976,Critical Delay,1,1.57,68.0,64.71428571428571
355,2024-11-01,Conveyor Belt,Siemens India,1,0.8466574042233934,103.04281196600176,102.13387313947348,172.11977750677977,43.016381712720396,64,68,4,366,1.41,0,0,101.56700007069469,0.0,On Schedule,0,0.94,66.0,64.0
356,2024-11-02,Hydraulic Pump,Mahindra Industrial,1,0.8297174020514132,63.77712910760768,62.83064305048634,93.87719568068412,26.112593781365785,69,73,9,329,1.29,0,0,63.2432576656236,0.41261461513726516,Minor Delay,0,0.95,64.0,65.42857142857143
357,2024-11-03,Control Valve,SKF Bearings,2,0.6323410496441014,50.85012928058507,47.4265939774154,85.18993160234703,14.913931358147432,75,80,7,395,1.38,0,1,70.45037641650744,23.023782439092038,Critical Delay,0,0.94,69.0,67.0
358,2024-11-04,Hydraulic Pump,SKF Bearings,4,0.7860871880202469,51.65029173643387,46.205577701605954,87.96938634181774,11.87435954254558,74,68,8,514,3.33,6,1,56.42228095768548,10.216703256079526,Moderate Delay,1,1.09,75.0,68.42857142857143
359,2024-11-05,Bearing Unit,Larsen & Toubro,2,0.643992289666279,95.7945293789754,85.78007602030684,152.58779622059492,26.98916557549461,56,79,7,493,1.21,0,1,108.1366460636055,22.35657004329866,Critical Delay,0,0.71,74.0,67.42857142857143
360,2024-11-06,Gear Assembly,Mahindra Industrial,4,0.8401034714921438,91.42452728689389,94.80248410265372,122.23966808471455,41.09857881946338,68,77,10,434,2.35,0,1,112.68731211917336,17.884828016519634,Critical Delay,0,0.88,56.0,67.42857142857143
361,2024-11-07,Conveyor Belt,Siemens India,4,0.901861459549208,102.61965394011094,102.33000838738351,140.01498117534027,50.70860297808716,64,61,5,589,4.01,3,0,104.07396554365718,1.743957156273666,Minor Delay,1,1.05,68.0,67.14285714285714
362,2024-11-08,Gear Assembly,Bosch India,3,0.9426760033945971,114.99849379192837,103.68349809080787,159.72194774374304,40.03719761606161,66,101,6,331,2.18,0,0,104.86633697448258,1.1828388836747052,Minor Delay,0,0.65,64.0,67.42857142857143
363,2024-11-09,Gear Assembly,Tata Steel Ltd,3,0.7746229634737597,95.35418906132736,89.69424462387043,121.10768345679458,19.348328655453596,63,92,3,672,4.05,0,0,92.6673659934567,2.9731213695862664,Minor Delay,0,0.68,66.0,66.57142857142857
364,2024-11-10,Conveyor Belt,Larsen & Toubro,4,0.932906419116763,52.46812292411548,51.4566481674827,71.56105103262357,12.697991110206113,65,106,8,338,3.98,0,0,48.538714074110565,0.0,On Schedule,0,0.61,63.0,65.14285714285714
365,2024-11-11,Control Valve,SKF Bearings,4,0.9066533580848569,59.475409341232854,60.78667498330201,78.84723618798668,17.641844085584975,65,47,8,651,1.98,18,1,66.19349160465403,5.4068166213520215,Moderate Delay,1,1.38,65.0,63.857142857142854
366,2024-11-12,Bearing Unit,Bosch India,2,0.9453676921022544,107.37549846984916,95.28741803078395,158.18528905083014,40.11286675772566,61,75,7,726,3.92,0,0,94.4182173226787,0.0,On Schedule,0,0.81,65.0,64.57142857142857
367,2024-11-13,Hydraulic Pump,Bosch India,2,0.808536075849773,56.744486066736684,52.21784406210508,99.02267634672693,12.627242314777368,59,92,7,726,3.99,0,0,50.9040116197263,0.0,On Schedule,0,0.64,61.0,63.285714285714285
368,2024-11-14,Industrial Motor,Tata Steel Ltd,3,0.8588741759617191,45.801785356358515,47.23342680026827,57.8333734527877,22.122591624230957,61,67,3,505,2.59,0,0,45.807321901261474,0.0,On Schedule,0,0.91,59.0,62.857142857142854
369,2024-11-15,Hydraulic Pump,Mahindra Industrial,1,0.7238179586573085,96.26240432338004,84.86090644717336,157.11571845776749,29.79563051554634,64,45,7,686,1.84,19,1,104.35353318516124,19.492626737987877,Critical Delay,1,1.42,61.0,62.57142857142857
370,2024-11-16,Industrial Motor,SKF Bearings,4,0.7848423972009146,72.20210843921137,66.00990020261831,116.41649933489184,34.207573086598565,65,41,6,729,3.09,24,1,71.72093775359942,5.7110375509811035,Moderate Delay,1,1.59,64.0,62.857142857142854
371,2024-11-17,Hydraulic Pump,Siemens India,2,0.6271262446276806,113.60320420367229,118.49201698011525,142.8506353148742,49.32157416394177,66,46,5,715,4.69,20,1,143.4396395163915,24.947622536276256,Critical Delay,1,1.43,65.0,63.0
372,2024-11-18,Conveyor Belt,Bosch India,3,0.9180420069374646,92.02040568749293,90.57368975528644,161.36177901030214,39.25877442399966,59,69,7,342,3.56,0,0,88.90886845027975,0.0,On Schedule,0,0.86,66.0,62.142857142857146
373,2024-11-19,Bearing Unit,Tata Steel Ltd,2,0.7063297837946969,47.23351822333286,43.666638111514416,72.79078714001881,18.043953743095646,63,69,5,783,1.69,0,0,44.92138115640579,1.2547430448913772,Minor Delay,0,0.91,59.0,62.42857142857143
374,2024-11-20,Industrial Motor,Siemens India,4,0.7335282510159143,115.82852538029286,103.24821387982983,164.27210491014634,44.945538654462496,66,85,4,636,3.73,0,0,100.75677071948176,0.0,On Schedule,0,0.78,63.0,63.42857142857143
375,2024-11-21,Cooling Fan,Mahindra Industrial,4,0.7423135947535591,60.68458109121967,53.69326390679805,100.36763352071804,23.752003937426206,66,82,7,795,2.71,0,1,76.14599766062202,22.452733753823964,Critical Delay,0,0.8,66.0,64.14285714285714
376,2024-11-22,Control Valve,SKF Bearings,5,0.925040429205042,66.97699923250286,61.72644879647275,90.71493874490683,26.028361403381737,60,87,9,558,3.37,0,0,63.176101800132784,1.449653003660032,Minor Delay,0,0.69,66.0,63.57142857142857
377,2024-11-23,Hydraulic Pump,Mahindra Industrial,1,0.8387791116948524,72.18083309468336,74.33561786256452,116.65187039203694,26.42673613405047,59,42,10,548,3.94,17,1,85.28249281336544,10.946874950800918,Moderate Delay,1,1.4,60.0,62.714285714285715
378,2024-11-24,Hydraulic Pump,Bosch India,5,0.6932831825955426,44.09794371234506,41.924149742652894,53.96824201257619,21.86923770170697,60,83,7,373,3.06,0,1,52.072374346587004,10.14822460393411,Moderate Delay,0,0.72,59.0,61.857142857142854
379,2024-11-25,Industrial Motor,Siemens India,3,0.8544375917819348,79.72123377844838,79.91708276172349,135.81666717519246,33.45797901153864,53,29,6,672,4.26,24,1,92.54590440383566,12.628821642112172,Moderate Delay,1,1.83,60.0,61.0
380,2024-11-26,Control Valve,Siemens India,2,0.7060780599598515,49.86547928602338,51.66604475146934,73.24752759647272,21.595937068226057,58,99,5,618,3.89,0,0,52.826599803566985,1.1605550520976422,Minor Delay,0,0.59,53.0,60.285714285714285
381,2024-11-27,Control Valve,Siemens India,3,0.6703539239776414,72.07762613506814,68.428110931556,114.02793966844499,33.28103980771868,62,47,5,666,3.46,15,1,80.55145023784486,12.123339306288855,Moderate Delay,1,1.32,58.0,59.714285714285715
382,2024-11-28,Conveyor Belt,Bosch India,4,0.8312150382106447,68.05678303936674,62.10298190661827,90.70218022885167,18.01408117182144,61,85,4,595,1.6,0,0,60.607806701623645,0.0,On Schedule,0,0.72,62.0,59.0
383,2024-11-29,Cooling Fan,Bosch India,5,0.8111125423513759,101.82720667412028,98.55957652467022,163.55936293243576,22.92550436332114,56,65,5,573,4.34,0,0,97.07657922366118,0.0,On Schedule,0,0.86,61.0,58.42857142857143
384,2024-11-30,Conveyor Belt,Mahindra Industrial,5,0.8507293552678528,104.25364093061849,107.8372792287116,173.40968537782584,35.953779146286784,58,47,9,622,4.74,11,1,120.28403559641922,12.446756367707621,Moderate Delay,1,1.23,56.0,58.285714285714285
385,2024-12-01,Conveyor Belt,Larsen & Toubro,5,0.9451820737913412,52.27303059112704,53.14827194087158,77.56940914583218,18.51637289674965,53,58,6,658,1.55,0,0,53.921435452938596,0.7731635120670148,Minor Delay,0,0.91,58.0,57.285714285714285
386,2024-12-02,Conveyor Belt,Mahindra Industrial,3,0.9843169434157399,69.3240949903381,61.78101462496361,108.88292996545523,31.109501941319337,60,96,9,489,2.95,0,0,63.354041257865674,1.5730266329020637,Minor Delay,0,0.62,53.0,58.285714285714285
387,2024-12-03,Conveyor Belt,SKF Bearings,4,0.9707671394730234,69.86825288254653,69.71016729765789,102.97152048454683,23.27556557923527,56,58,6,437,2.04,0,0,71.96908097618208,2.258913678524195,Minor Delay,0,0.97,60.0,58.0
388,2024-12-04,Conveyor Belt,Tata Steel Ltd,2,0.931160137507529,52.112835514886804,50.9258395113771,90.49158449471258,19.347198049987234,55,54,6,735,4.02,1,0,53.03867689450395,2.112837383126852,Minor Delay,1,1.02,56.0,57.0
389,2024-12-05,Bearing Unit,Siemens India,2,0.772952564712406,103.87628040409524,107.43598964723769,155.6816156447118,37.20030666138114,54,53,6,756,3.89,1,0,110.22528761222081,2.7892979649831204,Minor Delay,1,1.02,55.0,56.0
390,2024-12-06,Control Valve,Larsen & Toubro,3,0.8736287861454892,96.57826626683386,86.999811605996,164.67417490799562,20.42252083992345,55,30,8,601,1.56,25,1,98.36534252838561,11.36553092238961,Moderate Delay,1,1.83,54.0,55.857142857142854
391,2024-12-07,Conveyor Belt,Tata Steel Ltd,5,0.7999477500942382,55.23054290376278,53.6170455139377,92.83211702570348,21.23970440321151,53,86,3,610,4.51,0,0,54.105354885956764,0.4883093720190672,Minor Delay,0,0.62,55.0,55.142857142857146
392,2024-12-08,Control Valve,Larsen & Toubro,1,0.8452315201573772,69.33775268750392,71.38381671090777,100.2833922928129,31.091948706569756,58,101,7,729,1.72,0,0,73.83575007894993,2.4519333680421624,Minor Delay,0,0.57,53.0,55.857142857142854
393,2024-12-09,Control Valve,ABB Group,3,0.7485877731878209,48.46440198852114,46.02683854623488,64.84782676904854,11.982831360311677,53,69,7,630,4.19,0,1,63.449506683201506,17.422668136966628,Critical Delay,0,0.77,58.0,54.857142857142854
394,2024-12-10,Gear Assembly,Mahindra Industrial,3,0.9004097709969755,90.25652776744352,86.82128634029124,130.2987712848784,34.144001147354295,62,70,8,743,2.83,0,0,88.67236597985371,1.851079639562471,Minor Delay,0,0.89,53.0,55.714285714285715
395,2024-12-11,Bearing Unit,Bosch India,4,0.9621856901056611,49.709753963889575,44.34002258988491,84.2943422389535,18.794421027218455,61,101,6,652,2.31,0,0,46.708028335768994,2.3680057458840835,Minor Delay,0,0.6,62.0,56.57142857142857
396,2024-12-12,Conveyor Belt,Siemens India,2,0.9600098212110058,118.87473348999342,110.23068816334535,158.8855344055011,29.63017985157782,49,41,4,783,1.63,8,0,107.30044777105755,0.0,On Schedule,1,1.2,61.0,55.857142857142854
397,2024-12-13,Hydraulic Pump,Mahindra Industrial,3,0.905998594316057,102.45456597502898,95.81204000045014,155.18401808786632,24.285735253098363,54,33,10,581,1.67,21,1,104.09731327486261,8.285273274412475,Moderate Delay,1,1.64,49.0,55.714285714285715
398,2024-12-14,Industrial Motor,Tata Steel Ltd,3,0.6,71.21908396671961,74.11562224683219,119.90858394705319,35.18333727892061,50,44,5,710,3.65,6,1,96.03524809575245,21.919625848920262,Critical Delay,1,1.14,54.0,55.285714285714285
399,2024-12-15,Cooling Fan,ABB Group,5,0.801085964269457,86.28511458234836,80.07719838327381,121.84204416505685,27.44865401650349,52,92,5,465,3.2,0,0,82.87261633446867,2.795417951194864,Minor Delay,0,0.57,50.0,54.42857142857143
400,2024-12-16,Hydraulic Pump,ABB Group,5,0.9757486376125768,112.9073452973127,108.20449298470567,178.9949254997705,30.284744155392335,63,99,5,577,1.49,0,0,108.04567396178453,0.0,On Schedule,0,0.64,52.0,55.857142857142854
401,2024-12-17,Bearing Unit,ABB Group,1,0.7847546462987065,84.32794243166609,83.83224187322288,113.62169405947208,21.199822382897207,51,57,7,325,1.45,0,0,85.62133981067194,1.789097937449057,Minor Delay,0,0.89,63.0,54.285714285714285
402,2024-12-18,Industrial Motor,Tata Steel Ltd,4,0.9236655638167952,53.95987891183641,48.97243061564524,68.28987807797483,21.599088070253043,55,87,4,769,1.29,0,0,46.73565533167192,0.0,On Schedule,0,0.63,51.0,53.42857142857143
403,2024-12-19,Bearing Unit,Tata Steel Ltd,1,0.97806788766223,70.29626844649275,67.67388062006087,117.86087017786322,26.911772756609846,55,79,5,752,3.98,0,0,67.04952719494472,0.0,On Schedule,0,0.7,55.0,54.285714285714285
404,2024-12-20,Control Valve,Tata Steel Ltd,5,0.9225144950112983,107.45158920237964,108.04812138964057,135.32250856271799,42.23552734534491,48,60,5,718,3.85,0,0,106.67688536776652,0.0,On Schedule,0,0.8,55.0,53.42857142857143
405,2024-12-21,Industrial Motor,Tata Steel Ltd,2,0.6,91.53704127916943,94.0419877667158,124.74931951328243,20.724151667773345,48,77,4,749,1.23,0,0,92.79194038972143,0.0,On Schedule,0,0.62,48.0,53.142857142857146
406,2024-12-22,Control Valve,ABB Group,5,0.7188749261849635,92.05795074670402,90.81186138556139,157.70131352801457,43.08867895279354,46,48,5,782,3.24,0,0,88.55139510526668,0.0,On Schedule,0,0.96,48.0,52.285714285714285
407,2024-12-23,Hydraulic Pump,ABB Group,4,0.9352363992735085,109.34571885507913,108.66111598189403,153.94582258018912,34.63852796657939,48,44,7,372,1.34,4,0,110.49569897715207,1.834582995258046,Minor Delay,1,1.09,46.0,50.142857142857146
408,2024-12-24,Hydraulic Pump,Larsen & Toubro,5,0.9410690129160938,111.51784459700038,100.52978955940577,198.92856556017296,32.787453149726545,38,55,6,414,4.61,0,0,97.58524344689224,0.0,On Schedule,0,0.69,48.0,48.285714285714285
409,2024-12-25,Industrial Motor,Mahindra Industrial,4,0.6689389005941945,113.5834057423549,118.21556471008586,203.06902437062715,38.47165750717969,55,65,10,350,4.63,0,1,139.46361439071217,21.24804968062631,Critical Delay,0,0.85,38.0,48.285714285714285
410,2024-12-26,Industrial Motor,Siemens India,4,0.7478349615887777,47.58793546025249,42.94990073433798,64.76554372042933,15.08631872066032,63,89,7,668,3.79,0,1,57.47956489144339,14.529664157105408,Moderate Delay,0,0.71,55.0,49.42857142857143
411,2024-12-27,Conveyor Belt,Bosch India,4,0.9423608612328709,83.53008015704808,84.50691426971186,102.28984470199369,38.346412919608476,53,63,5,701,4.7,0,0,83.38194701162307,0.0,On Schedule,0,0.84,63.0,50.142857142857146
412,2024-12-28,Bearing Unit,ABB Group,4,0.6390762314965245,99.24076169746549,91.79956778591388,161.07152445863363,47.514322437803614,45,47,5,470,4.25,0,1,113.85416709148484,22.05459930557096,Critical Delay,0,0.96,53.0,49.714285714285715
413,2024-12-29,Conveyor Belt,Bosch India,4,0.708642550782636,100.5541476101611,104.44668256946868,147.87411514668844,29.26487337792778,49,81,5,567,4.31,0,0,102.49314582876717,0.0,On Schedule,0,0.6,45.0,50.142857142857146
414,2024-12-30,Bearing Unit,Mahindra Industrial,2,0.8570296262573476,88.53729615760031,88.74917668165794,111.59698601974206,40.654621365391336,50,60,7,302,3.28,0,0,89.28341032530798,0.5342336436500403,Minor Delay,0,0.83,49.0,50.42857142857143
415,2024-12-31,Conveyor Belt,Mahindra Industrial,1,0.8596001217046405,53.34298681469393,53.77764313879456,86.65641241993721,23.175230761157007,47,91,10,509,2.22,0,1,63.72054453940042,9.942901400605862,Moderate Delay,0,0.52,50.0,51.714285714285715
416,2025-01-01,Control Valve,Bosch India,3,0.9079455561483958,103.79364431533315,95.20368847923322,126.49382763515514,49.74230500386724,57,40,6,675,1.87,17,0,93.72920289492049,0.0,On Schedule,1,1.42,47.0,52.0
417,2025-01-02,Industrial Motor,ABB Group,1,0.9093732820182995,97.60890668119566,93.24742799447367,168.09405655136035,26.718007122947242,57,52,6,785,2.31,5,0,91.80141872164226,0.0,On Schedule,1,1.1,57.0,51.142857142857146
418,2025-01-03,Hydraulic Pump,Bosch India,4,0.9296406568993575,46.8908617239229,46.188823140431374,60.169956010901956,17.49440586338705,47,85,7,690,3.51,0,0,46.11885200440329,0.0,On Schedule,0,0.55,57.0,50.285714285714285
419,2025-01-04,Bearing Unit,Larsen & Toubro,2,0.731461582061676,77.1047859739501,77.94488233343544,98.41555626636475,21.77156762880572,57,92,7,780,1.69,0,0,78.861016569481,0.9161342360455507,Minor Delay,0,0.62,47.0,52.0
420,2025-01-05,Bearing Unit,SKF Bearings,5,0.7947423182520476,53.918191961744284,48.400910196068416,70.38498996463167,24.113743872114558,61,75,9,689,2.03,0,1,53.75221931014775,5.351309114079335,Moderate Delay,0,0.81,57.0,53.714285714285715
421,2025-01-06,Hydraulic Pump,ABB Group,2,0.9288303114067601,66.99816365703775,69.91942454303837,118.9994459728048,13.506646028773977,63,93,6,637,2.87,0,0,67.64725277042936,0.0,On Schedule,0,0.68,61.0,55.57142857142857
422,2025-01-07,Conveyor Belt,ABB Group,4,0.8620866151476214,41.44648737645483,42.74531725462801,66.97344593544958,15.312228566656207,68,46,6,600,1.93,22,0,40.79838596942099,0.0,On Schedule,1,1.48,63.0,58.57142857142857
423,2025-01-08,Bearing Unit,Siemens India,2,0.8708507357544027,72.02638947286066,66.69350232443794,121.06360636289375,21.7347574299687,49,54,6,682,3.35,0,0,65.17655079200505,0.0,On Schedule,0,0.91,68.0,57.42857142857143
424,2025-01-09,Cooling Fan,Tata Steel Ltd,2,0.9016385264102849,83.99015369249683,85.65897432433869,120.82663857012082,24.928706983958595,68,69,4,641,4.69,0,0,88.50146360904645,2.842489284707767,Minor Delay,0,0.99,49.0,59.0
425,2025-01-10,Control Valve,SKF Bearings,4,0.6,89.56660742616694,86.71078214189167,125.55336293351621,35.241942946111834,53,85,9,414,3.99,0,1,104.09494064248813,17.384158500596456,Critical Delay,0,0.62,68.0,59.857142857142854
426,2025-01-11,Industrial Motor,Mahindra Industrial,2,0.8693827193350334,93.07922761029681,89.21710070062885,124.7904272753632,42.392499981357005,52,51,9,466,3.67,1,0,88.60001570028636,0.0,On Schedule,1,1.02,53.0,59.142857142857146
427,2025-01-12,Hydraulic Pump,ABB Group,3,0.7463600621078293,106.9033050481968,99.78929611470251,159.11368373273362,40.91816123766228,56,99,7,734,3.33,0,1,113.94748425399682,14.15818813929431,Moderate Delay,0,0.57,52.0,58.42857142857143
428,2025-01-13,Industrial Motor,Bosch India,3,0.856561064187795,57.237032582058404,56.02158471898282,87.63546261907683,26.09733338949196,52,96,7,564,2.95,0,0,56.61552526276898,0.5939405437861609,Minor Delay,0,0.54,56.0,56.857142857142854
429,2025-01-14,Cooling Fan,SKF Bearings,2,0.9464807507134039,49.638545795077434,49.84112814672612,78.38248565939404,13.867973915621008,57,36,6,526,1.75,21,0,48.29038502302199,0.0,On Schedule,1,1.58,52.0,55.285714285714285
430,2025-01-15,Bearing Unit,Siemens India,5,0.7734832169679167,108.12297375183405,102.70153581011301,146.42781885757788,38.475620372401764,49,31,6,450,4.58,18,1,119.04482673603043,16.343290925917415,Critical Delay,1,1.58,57.0,55.285714285714285
431,2025-01-16,Bearing Unit,Mahindra Industrial,4,0.6,52.52902519141199,51.844428211319475,92.93395469790778,17.605678601374198,55,38,7,567,1.99,17,1,74.83121639168753,22.98678818036806,Critical Delay,1,1.45,49.0,53.42857142857143
432,2025-01-17,Cooling Fan,Tata Steel Ltd,3,0.7508213663999169,117.98080650689562,117.84904514062944,153.5939145262011,24.008323691899236,63,52,6,415,1.37,11,1,142.2475566119483,24.39851147131887,Critical Delay,1,1.21,55.0,54.857142857142854
433,2025-01-18,Hydraulic Pump,Tata Steel Ltd,5,0.6971987180360731,107.40305835189096,107.49872321105728,191.1121325885446,39.42160980061411,57,38,6,387,4.0,19,1,125.18778600616935,17.689062795112065,Critical Delay,1,1.5,63.0,55.57142857142857
434,2025-01-19,Control Valve,Siemens India,2,0.637835889123039,80.07012847116793,71.1690715207243,96.79787314805706,31.904526980589615,58,47,6,617,1.7,11,1,91.45018331777307,20.281111797048766,Critical Delay,1,1.23,57.0,55.857142857142854
435,2025-01-20,Gear Assembly,Siemens India,5,0.7698501091491807,118.51371399376202,121.61369225796375,176.42845237353396,44.7477351289853,60,71,5,541,2.49,0,0,121.55644940890868,0.0,On Schedule,0,0.85,58.0,57.0
436,2025-01-21,Hydraulic Pump,Bosch India,1,0.9356848339426899,47.79013832864034,45.778319910574034,66.9071830531146,20.114103129165173,64,77,6,659,1.11,0,0,43.223034956889784,0.0,On Schedule,0,0.83,60.0,58.0
437,2025-01-22,Gear Assembly,ABB Group,3,0.8412805053850216,64.24526089400814,59.40185782405779,94.40674361374371,23.860809298159886,50,30,6,628,1.55,20,1,66.07802649380108,6.676168669743284,Moderate Delay,1,1.67,64.0,58.142857142857146
438,2025-01-23,Cooling Fan,Tata Steel Ltd,2,0.7367429599399614,91.05795320324891,83.87347762426857,140.44767296044935,20.035033115401333,62,93,3,632,1.69,0,0,81.08193049980254,0.0,On Schedule,0,0.67,50.0,59.142857142857146
439,2025-01-24,Conveyor Belt,Mahindra Industrial,4,0.9462983996987653,68.00054947785429,65.42417180393277,99.37284062830122,15.975617782169987,58,51,8,339,1.22,7,0,65.23657296486152,0.0,On Schedule,1,1.14,62.0,58.42857142857143
440,2025-01-25,Gear Assembly,SKF Bearings,2,0.8504551933127398,114.26980415846334,117.78489893668106,165.56644599398717,43.301670780127544,60,97,8,481,3.63,0,0,117.17685466179154,0.0,On Schedule,0,0.62,58.0,58.857142857142854
441,2025-01-26,Control Valve,Mahindra Industrial,4,0.8058001806809757,45.2500870542254,42.73052097906058,74.19358346554337,12.782867123317414,65,70,8,789,4.35,0,1,50.94483267689069,8.214311697830112,Moderate Delay,0,0.93,60.0,59.857142857142854
442,2025-01-27,Conveyor Belt,Larsen & Toubro,2,0.8883875481520415,83.95294656487717,84.57867952195726,135.2923364413232,18.79652229157797,55,39,8,508,2.49,16,1,104.24277562101679,19.664096099059535,Critical Delay,1,1.41,65.0,59.142857142857146
443,2025-01-28,Gear Assembly,Larsen & Toubro,5,0.9642966017455464,87.26930139160916,78.2333667371451,148.35456326170637,28.70119966732384,56,97,5,690,4.5,0,0,76.05464865529606,0.0,On Schedule,0,0.58,55.0,58.0
444,2025-01-29,Cooling Fan,Siemens India,5,0.7212073162032799,92.21824990217793,88.61524962143405,124.49236776095609,33.77924794338651,52,88,7,572,1.85,0,1,102.24255874919409,13.627309127760043,Moderate Delay,0,0.59,56.0,58.285714285714285
445,2025-01-30,Conveyor Belt,Bosch India,5,0.8018523882874566,60.45329786654516,63.390520720558456,94.65276257484246,18.052793320148197,59,36,7,418,2.3,23,1,77.30982612864656,13.919305408088107,Moderate Delay,1,1.64,52.0,57.857142857142854
446,2025-01-31,Cooling Fan,Larsen & Toubro,1,0.7879608763771738,69.16531420158915,69.92436385689383,107.28348576240396,28.78176985307585,69,61,8,681,1.6,8,1,81.09651748960256,11.172153632708728,Moderate Delay,1,1.13,59.0,59.42857142857143
447,2025-02-01,Gear Assembly,Tata Steel Ltd,4,0.7874396045018218,107.49444237319821,98.44231850807574,152.84018673026588,42.25941723486904,62,61,6,733,3.48,1,0,99.56792708160015,1.1256085735244028,Minor Delay,1,1.02,69.0,59.714285714285715
448,2025-02-02,Cooling Fan,Mahindra Industrial,5,0.8956634204746596,55.595421517612785,53.663205451929464,82.92805017547191,16.670037425630323,57,51,8,323,2.68,6,0,56.620626397325054,2.95742094539559,Minor Delay,1,1.12,62.0,58.57142857142857
449,2025-02-03,Control Valve,Mahindra Industrial,1,0.7631505974522439,106.14942777386896,97.62734938677181,147.3639903031795,45.26867165053091,61,93,10,557,3.45,0,1,114.77447705632669,17.147127669554877,Critical Delay,0,0.66,57.0,59.42857142857143
450,2025-02-04,Gear Assembly,Siemens India,4,0.8231391830425867,85.01243383221939,80.72996288131137,109.25004307879423,33.5466300806324,57,81,5,782,4.05,0,0,80.10384380849165,0.0,On Schedule,0,0.7,61.0,59.57142857142857
451,2025-02-05,Gear Assembly,ABB Group,2,0.6855495276271886,100.97500089552656,102.24872823725147,134.12314753751235,39.50481448517214,59,43,8,391,3.18,16,1,110.95202914557552,8.703300908324053,Moderate Delay,1,1.37,57.0,60.57142857142857
452,2025-02-06,Gear Assembly,ABB Group,1,0.6320567982730689,97.08858930107772,98.16707057453841,122.65280980995647,35.53717228508216,67,62,7,766,3.51,5,1,115.70539616081632,17.538325586277907,Critical Delay,1,1.08,59.0,61.714285714285715
453,2025-02-07,Hydraulic Pump,SKF Bearings,3,0.6780173131625857,56.60091963079032,52.00362677185447,91.11852323349297,11.513583632588531,60,63,9,460,4.74,0,1,60.47960391455926,8.475977142704792,Moderate Delay,0,0.95,67.0,60.42857142857143
454,2025-02-08,Hydraulic Pump,Siemens India,1,0.8121160385659022,85.50501891470984,88.64971942955567,136.50332764481075,34.96746175216877,72,56,6,448,2.2,16,0,89.39707124506005,0.7473518155043735,Minor Delay,1,1.29,60.0,61.857142857142854
455,2025-02-09,Hydraulic Pump,SKF Bearings,1,0.9327099857917871,109.4178522244074,107.31009139276857,193.70940716275285,34.227275983816426,66,53,7,416,2.44,13,0,110.08794704695548,2.777855654186908,Minor Delay,1,1.25,72.0,63.142857142857146
456,2025-02-10,Control Valve,ABB Group,4,0.7986039223219915,74.56929894415435,70.43720003576753,122.13012338919971,36.00078336817592,68,89,5,757,3.87,0,0,72.42640987044878,1.9892098346812475,Minor Delay,0,0.76,66.0,64.14285714285714
457,2025-02-11,Conveyor Belt,Siemens India,2,0.7228909620920257,117.32726161786533,113.25941384799201,144.4565513853555,52.25702629425455,66,63,5,352,3.45,3,0,113.04072718780812,0.0,On Schedule,1,1.05,68.0,65.42857142857143
458,2025-02-12,Cooling Fan,Siemens India,3,0.8552659925875313,76.17720800813744,74.87169163174909,131.82824673651152,28.66611875684312,72,96,4,601,1.71,0,0,76.2966285385086,1.4249369067595126,Minor Delay,0,0.75,66.0,67.28571428571429
459,2025-02-13,Bearing Unit,Siemens India,5,0.7634913634220537,51.42285093343077,50.146607272303754,88.32415090499562,14.174945124442987,72,50,4,344,2.5,22,1,56.42312796649803,6.276520694194275,Moderate Delay,1,1.44,72.0,68.0
460,2025-02-14,Gear Assembly,ABB Group,5,0.8600505967232458,71.15477440621386,68.49990837498414,104.31234373601967,18.579594429631065,71,112,8,564,2.87,0,0,66.26871861648729,0.0,On Schedule,0,0.63,72.0,69.57142857142857
461,2025-02-15,Cooling Fan,SKF Bearings,1,0.6219034646309041,116.13619251124297,112.16881487785842,180.18737342629242,35.086538213177,72,99,6,785,2.68,0,1,123.77596865183965,11.607153773981224,Moderate Delay,0,0.73,71.0,69.57142857142857
462,2025-02-16,Gear Assembly,SKF Bearings,4,0.7956143514802619,65.57766794718833,59.675023679800475,117.09856600302288,22.491197896947117,69,45,7,561,1.71,24,1,69.29783051999743,9.622806840196958,Moderate Delay,1,1.53,72.0,70.0
463,2025-02-17,Control Valve,Siemens India,4,0.9127314595757935,109.44785278936503,111.43592857010121,166.29316513939247,31.61069086549829,73,115,7,606,4.7,0,0,111.508551702884,0.07262313278279464,Minor Delay,0,0.63,69.0,70.71428571428571
464,2025-02-18,Gear Assembly,Larsen & Toubro,5,0.9043048095563003,110.50005453455118,107.41702062308852,192.62293228558792,39.16993210360572,69,108,5,533,4.05,0,0,106.09138228616814,0.0,On Schedule,0,0.64,73.0,71.14285714285714
465,2025-02-19,Hydraulic Pump,Bosch India,3,0.9273600789627136,68.01492194655688,61.3687470286139,85.00663111446758,16.97728136437585,71,102,5,674,2.93,0,0,59.33572915599087,0.0,On Schedule,0,0.7,69.0,71.0
466,2025-02-20,Bearing Unit,ABB Group,2,0.7262595839774398,46.66061264405057,47.138730282809725,61.341493517303405,23.01832617972285,70,114,5,334,3.72,0,0,46.69641572033694,0.0,On Schedule,0,0.61,71.0,70.71428571428571
467,2025-02-21,Industrial Motor,Bosch India,3,0.9613840100408241,97.96463273270547,101.73778722532602,143.4645969748584,22.764763363536986,70,51,4,637,4.59,19,0,99.5238745519277,0.0,On Schedule,1,1.37,70.0,70.57142857142857
468,2025-02-22,Gear Assembly,Bosch India,2,0.6,64.92098392111888,67.58548216611834,100.68297311644122,31.135015935988513,69,62,7,736,1.54,7,1,90.36531493724499,22.77983277112665,Critical Delay,1,1.11,70.0,70.14285714285714
469,2025-02-23,Cooling Fan,SKF Bearings,5,0.8177734456862791,102.63388914060579,96.75635570039812,173.42425028566382,48.65599713120094,75,93,9,702,2.0,0,1,102.85542477777065,6.099069077372533,Moderate Delay,0,0.81,69.0,71.0
470,2025-02-24,Hydraulic Pump,SKF Bearings,2,0.7944092634731649,75.41238786083466,68.10024199274521,135.2111889942097,26.968084098685022,79,116,7,496,3.17,0,0,69.29415264179212,1.193910649046913,Minor Delay,0,0.68,75.0,71.85714285714286
471,2025-02-25,Industrial Motor,Larsen & Toubro,4,0.7295116705975797,78.82133938740972,76.30914065547628,112.97548472982477,32.90578744602538,79,118,8,324,4.2,0,1,84.84141450695874,8.532273851482458,Moderate Delay,0,0.67,79.0,73.28571428571429
472,2025-02-26,Bearing Unit,Bosch India,1,0.8870096841736539,102.23275253988294,91.92192198631717,125.58776164547778,33.820075830597204,67,80,7,694,1.15,0,0,91.65936225063719,0.0,On Schedule,0,0.84,79.0,72.71428571428571
473,2025-02-27,Industrial Motor,Bosch India,1,0.6537396384360521,70.58906648493023,73.32635950358944,118.63924888908338,27.459879101570476,80,80,6,501,4.94,0,1,89.30075161525043,15.97439211166099,Critical Delay,0,1.0,67.0,74.14285714285714
474,2025-02-28,Hydraulic Pump,Siemens India,5,0.905965190031206,75.45018762583317,68.75085505653166,117.9006083423401,22.79899303894686,73,91,6,572,2.82,0,0,68.93772285191964,0.18686779538798248,Minor Delay,0,0.8,80.0,74.57142857142857
475,2025-03-01,Conveyor Belt,SKF Bearings,4,0.9247973575283387,70.09523750156977,64.69581510892752,92.46443030984807,20.351991405594177,77,63,7,335,2.44,14,0,62.57407074093646,0.0,On Schedule,1,1.22,73.0,75.71428571428571
476,2025-03-02,Conveyor Belt,Bosch India,3,0.8033857566356833,69.3872412221824,65.85738802824255,103.86555835653328,25.91397914087498,70,66,7,773,2.17,4,0,63.69601799480352,0.0,On Schedule,1,1.06,77.0,75.0
477,2025-03-03,Industrial Motor,Mahindra Industrial,4,0.653095481442324,82.07572615211674,77.57288435261836,135.046262841942,28.680451648393603,76,64,8,522,1.7,12,1,92.19422816956784,14.621343816949476,Moderate Delay,1,1.19,70.0,74.57142857142857
478,2025-03-04,Control Valve,Larsen & Toubro,1,0.6279284466333701,104.70395556009206,106.28422008193107,174.0438435818343,39.144716184299426,77,81,7,651,4.17,0,1,112.20126044942509,5.917040367494025,Moderate Delay,0,0.95,76.0,74.28571428571429
479,2025-03-05,Cooling Fan,Mahindra Industrial,1,0.6810467699266405,68.94146495380527,66.01654467496246,103.39641308921941,19.71713311629208,68,86,9,576,4.82,0,1,71.16159323526534,5.145048560302882,Moderate Delay,0,0.79,77.0,74.42857142857143
480,2025-03-06,Cooling Fan,Mahindra Industrial,4,0.8688572123630904,81.94037764301893,74.48631099725615,113.3340894881599,25.408674524048195,79,91,9,317,2.65,0,1,99.24766983647915,24.761358839222993,Critical Delay,0,0.87,68.0,74.28571428571429
481,2025-03-07,Industrial Motor,ABB Group,4,0.8592223990944897,93.65818603540806,86.67369070848834,167.1092015819856,21.088956448453732,83,116,6,487,4.81,0,0,87.17418332004908,0.5004926115607446,Minor Delay,0,0.72,79.0,75.71428571428571
482,2025-03-08,Gear Assembly,ABB Group,1,0.8101730924462829,61.5551557042924,59.49609114815806,98.36622012865061,13.276395211319835,75,91,8,701,4.3,0,0,62.40614963513474,2.9100584869766806,Minor Delay,0,0.82,83.0,75.42857142857143
483,2025-03-09,Gear Assembly,Larsen & Toubro,3,0.7046315120860535,62.201824392191405,56.29682892033423,89.87806036383907,17.170013639699235,83,109,5,556,2.92,0,0,53.874332419760584,0.0,On Schedule,0,0.76,75.0,77.28571428571429
484,2025-03-10,Cooling Fan,Mahindra Industrial,5,0.6,114.67305016187639,112.83615587822702,156.90460422092067,25.488844179687316,75,112,10,441,3.7,0,1,131.0128498854038,18.176694007176778,Critical Delay,0,0.67,83.0,77.14285714285714
485,2025-03-11,Cooling Fan,Bosch India,5,0.6,97.88276586648709,95.5509088574547,160.3967483055613,22.62387982574459,81,116,5,435,2.74,0,1,107.85903147548584,12.308122618031135,Moderate Delay,0,0.7,75.0,77.71428571428571
486,2025-03-12,Conveyor Belt,SKF Bearings,4,0.7847064605736015,86.1749340978647,86.30414425847243,115.93200639561968,38.25120234790437,65,73,8,749,3.23,0,0,85.01853282986713,0.0,On Schedule,0,0.89,81.0,77.28571428571429
487,2025-03-13,Control Valve,Larsen & Toubro,5,0.7458866720366749,91.81760435364896,95.43611636504495,119.64072512307206,19.434307790462395,89,102,5,606,1.23,0,0,97.65287106427228,2.216754699227323,Minor Delay,0,0.87,65.0,78.71428571428571
488,2025-03-14,Hydraulic Pump,Siemens India,1,0.9754951627457374,42.34395544827347,43.82952009824843,64.27390409144539,16.83946438245477,84,99,5,378,3.79,0,0,41.26315217177985,0.0,On Schedule,0,0.85,89.0,78.85714285714286
489,2025-03-15,Gear Assembly,Mahindra Industrial,1,0.7251700049883416,89.44823724493574,93.10066415277737,122.901201351087,25.203590502682815,75,86,9,743,1.21,0,1,107.5093091060422,14.408644953264826,Moderate Delay,0,0.87,84.0,78.85714285714286
490,2025-03-16,Cooling Fan,Larsen & Toubro,4,0.8892328032836306,80.76070985793615,74.42920358090407,127.38734739192701,37.268136325869165,67,106,6,717,4.27,0,0,76.68451790910578,2.255314328201706,Minor Delay,0,0.63,75.0,76.57142857142857
491,2025-03-17,Conveyor Belt,Tata Steel Ltd,4,0.9228437175318741,83.65997438235485,75.49192498759163,106.31201717002617,28.90432750748898,78,84,3,591,4.3,0,0,75.63764088784013,0.14571590024850423,Minor Delay,0,0.93,67.0,77.0
492,2025-03-18,Bearing Unit,Tata Steel Ltd,4,0.8756953087206875,68.75390614646537,64.03649707124285,109.52254291668885,20.05365379085143,69,51,5,361,1.95,18,0,63.4860977148014,0.0,On Schedule,1,1.35,78.0,75.28571428571429
493,2025-03-19,Conveyor Belt,ABB Group,3,0.8625229943402601,46.517911817035355,48.014136232022594,63.728511924924064,16.527427072446617,79,71,8,428,2.29,8,0,46.87221961813133,0.0,On Schedule,1,1.11,69.0,77.28571428571429
494,2025-03-20,Gear Assembly,SKF Bearings,5,0.8555821082792506,55.46713868896418,57.97697627759367,66.56865135353988,17.44926326251662,79,98,7,798,2.93,0,0,56.759679226360724,0.0,On Schedule,0,0.81,79.0,75.85714285714286
495,2025-03-21,Gear Assembly,Bosch India,4,0.8882064308339446,116.05957705701374,119.08701917405445,148.11077956858625,42.85967828092366,72,79,4,640,3.39,0,0,117.92183466875132,0.0,On Schedule,0,0.91,79.0,74.14285714285714
496,2025-03-22,Conveyor Belt,SKF Bearings,2,0.8338271731520698,72.69596498167472,65.33208273229052,127.95720046608147,17.037016211865836,82,61,9,597,2.15,21,1,75.66308514137626,10.331002409085741,Moderate Delay,1,1.34,72.0,75.14285714285714
497,2025-03-23,Hydraulic Pump,SKF Bearings,2,0.9180044277805348,77.33465246646914,80.51022671487549,133.04752470846253,38.59750470750752,80,90,6,556,3.37,0,0,82.81904520063667,2.3088184857611793,Minor Delay,0,0.89,82.0,77.0
498,2025-03-24,Industrial Motor,SKF Bearings,1,0.9151854829091796,44.216783188275116,42.09308932376765,59.2578037781516,14.488370231238585,81,78,7,779,2.19,3,0,43.43586070481636,1.3427713810487134,Minor Delay,1,1.04,80.0,77.42857142857143
499,2025-03-25,Gear Assembly,SKF Bearings,5,0.8857221399354969,43.00529836351845,37.912729171350875,71.69082763187751,13.093788440683976,76,90,6,511,1.22,0,0,38.93106721833778,1.018338046986905,Minor Delay,0,0.84,81.0,78.42857142857143
500,2025-03-26,Conveyor Belt,Siemens India,4,0.9061863978523124,97.37451576374062,93.01281284007683,152.40503743221907,40.22180517387892,69,48,6,353,1.01,21,0,94.80530773378884,1.7924948937120035,Minor Delay,1,1.44,76.0,77.0
501,2025-03-27,Cooling Fan,Siemens India,2,0.9191668836778635,83.0475731296889,73.7322729195263,148.0358557712822,25.675803397769236,81,89,4,474,1.4,0,0,72.27496089755117,0.0,On Schedule,0,0.91,69.0,77.28571428571429
502,2025-03-28,Conveyor Belt,ABB Group,5,0.7869702538365279,80.69647873730133,78.47403691593836,114.92497118119698,36.311986418888075,74,72,6,399,4.17,2,0,79.1822937884289,0.7082568724905371,Minor Delay,1,1.03,81.0,77.57142857142857
503,2025-03-29,Control Valve,Larsen & Toubro,1,0.9377700661275815,59.449962433813496,55.7375610579572,95.64763960913783,19.991905736165254,69,60,7,338,4.85,9,0,55.49795849170491,0.0,On Schedule,1,1.15,74.0,75.71428571428571
504,2025-03-30,Industrial Motor,Tata Steel Ltd,3,0.8316958867473169,99.58005853039379,95.64504683434336,123.29220481111933,41.41211237878154,82,78,3,713,2.71,4,0,97.33969664554452,1.6946498112011597,Minor Delay,1,1.05,69.0,76.0
505,2025-03-31,Bearing Unit,SKF Bearings,5,0.9449246766923312,53.458926328679354,52.61635812336016,76.86048622725096,12.415085340199807,86,75,6,562,3.05,11,0,51.47189478619987,0.0,On Schedule,1,1.15,82.0,76.71428571428571
506,2025-04-01,Hydraulic Pump,ABB Group,5,0.942541911920248,55.1947794928816,56.72346438789835,98.15235735983381,25.049364459999612,75,64,7,449,1.59,11,0,57.582536089117724,0.8590717012193707,Minor Delay,1,1.17,86.0,76.57142857142857
507,2025-04-02,Bearing Unit,Larsen & Toubro,3,0.8779117439991331,76.85697370786204,76.28233471313482,117.0830317874265,32.33491213143432,85,84,8,420,3.2,1,0,78.5756091840387,2.2932744709038815,Minor Delay,1,1.01,75.0,78.85714285714286
508,2025-04-03,Industrial Motor,Tata Steel Ltd,5,0.938876764087765,62.90238896895527,59.99556312129405,86.34785185972116,16.575725138811666,75,102,6,477,1.58,0,0,59.40846597846362,0.0,On Schedule,0,0.74,85.0,78.0
509,2025-04-04,Industrial Motor,Mahindra Industrial,1,0.7378178073803692,59.79703849865171,60.95128489398854,76.0715546458648,14.56570963515563,72,67,9,600,3.44,5,1,72.84876056785274,11.897475673864193,Moderate Delay,1,1.07,75.0,77.71428571428571
510,2025-04-05,Industrial Motor,Bosch India,1,0.907990764218912,91.61901156426653,94.72938203345457,148.61675655804837,27.017320019527908,71,111,4,629,4.73,0,0,92.12911455765934,0.0,On Schedule,0,0.64,72.0,78.0
511,2025-04-06,Bearing Unit,Siemens India,3,0.825065549472721,92.07773961748356,82.90303945436175,146.1194196555901,45.37785990417579,82,88,7,419,1.78,0,0,82.99934438841251,0.09630493405076379,Minor Delay,0,0.93,71.0,78.0
512,2025-04-07,Cooling Fan,Mahindra Industrial,4,0.7266637086824468,105.96136558399434,102.82794031302619,150.92747274370006,29.356540426662765,69,64,9,371,4.06,5,1,120.80882965839047,17.980889345364275,Critical Delay,1,1.08,82.0,75.57142857142857
513,2025-04-08,Industrial Motor,Tata Steel Ltd,2,0.9656446666987534,73.41668535783808,68.1576303698195,129.9889996436204,24.72954140628277,77,119,4,518,1.09,0,0,67.23346529666165,0.0,On Schedule,0,0.65,69.0,75.85714285714286
514,2025-04-09,Conveyor Belt,Mahindra Industrial,4,0.8108751220281463,45.846807282092016,40.71198337206087,55.626925591415,9.58226090732669,70,88,7,693,2.5,0,0,41.74533565534392,1.033352283283051,Minor Delay,0,0.8,77.0,73.71428571428571
515,2025-04-10,Bearing Unit,Bosch India,5,0.81004323648605,61.893310793716616,61.50047012320696,85.5510577991679,19.75438024172225,70,110,5,697,1.44,0,0,64.2066676716986,2.7061975484916374,Minor Delay,0,0.64,70.0,73.0
516,2025-04-11,Industrial Motor,ABB Group,2,0.9151069517385013,118.40043705574536,121.5582989211725,207.51354230884323,43.97344926894144,77,65,5,601,2.41,12,0,121.47194882915358,0.0,On Schedule,1,1.18,70.0,73.71428571428571
517,2025-04-12,Conveyor Belt,Tata Steel Ltd,3,0.6757394595587479,87.70068601861617,79.6053383702088,122.12857808731951,42.61704191717611,70,59,6,422,1.69,11,1,102.2615743475562,22.656235977347407,Critical Delay,1,1.19,77.0,73.57142857142857
518,2025-04-13,Cooling Fan,Mahindra Industrial,3,0.8059398536501745,96.77896678408162,98.53166501563184,130.78242131821392,34.35854751563398,69,63,8,543,2.49,6,1,107.21426547725554,8.682600461623693,Moderate Delay,1,1.1,70.0,71.71428571428571
519,2025-04-14,Control Valve,Siemens India,2,0.9242468162719795,40.58862637003316,41.60647850326211,61.716315214807,18.091657639761547,77,85,5,673,2.67,0,0,41.403619884195315,0.0,On Schedule,0,0.91,69.0,72.85714285714286
520,2025-04-15,Cooling Fan,Siemens India,1,0.9520043168654345,81.45645857460167,84.34310239214419,138.01013415917402,29.66141576050027,79,89,6,374,2.2,0,0,85.27061119329295,0.9275088011487611,Minor Delay,0,0.89,77.0,73.14285714285714
521,2025-04-16,Industrial Motor,Larsen & Toubro,2,0.8386787030866059,43.00229260254425,39.78135488431391,54.26407943843066,9.126613244974704,73,56,8,305,3.63,17,1,61.58858499202029,21.807230107706374,Critical Delay,1,1.3,79.0,73.57142857142857
522,2025-04-17,Bearing Unit,Mahindra Industrial,5,0.9779085878776016,85.53841696731584,88.41866834678426,151.04479956307364,25.191276150864528,67,71,10,320,4.68,0,0,86.03965336834567,0.0,On Schedule,0,0.94,73.0,73.14285714285714
523,2025-04-18,Gear Assembly,SKF Bearings,1,0.8064265457018881,113.66166797088603,106.21826861949165,190.61558746514476,42.35770871214893,67,104,6,489,2.6,0,0,104.73930575304173,0.0,On Schedule,0,0.64,67.0,71.71428571428571
524,2025-04-19,Industrial Motor,Mahindra Industrial,3,0.8547519986543859,117.47353044003263,114.40717318149358,153.74350097571852,56.99559484588291,70,79,9,524,1.77,0,0,116.92104913449597,2.5138759530023975,Minor Delay,0,0.89,67.0,71.71428571428571
525,2025-04-20,Gear Assembly,ABB Group,2,0.8895013897731178,83.24421403111393,73.96966564844281,135.45538270563884,38.10413227055066,70,57,7,702,2.08,13,1,81.40079823880819,7.4311325903653795,Moderate Delay,1,1.23,70.0,71.85714285714286
526,2025-04-21,Conveyor Belt,Tata Steel Ltd,4,0.6978897927221054,76.65638442017728,68.02945843814693,109.69338760125572,20.582751607535286,64,84,3,402,4.42,0,0,69.04911411832953,1.019655680182595,Minor Delay,0,0.76,70.0,70.0
527,2025-04-22,Control Valve,Tata Steel Ltd,4,0.9078886452416732,115.60136753987952,115.88614528535365,166.62513001163825,30.753772715731618,72,102,4,643,3.29,0,0,112.96680954925415,0.0,On Schedule,0,0.71,64.0,69.0
528,2025-04-23,Hydraulic Pump,ABB Group,5,0.7921785439771083,93.8887865597356,89.7165187555809,156.79183765369172,24.444123043230846,68,51,5,765,2.82,17,1,99.01636322734873,9.299844471767827,Moderate Delay,1,1.33,72.0,68.28571428571429
529,2025-04-24,Cooling Fan,Mahindra Industrial,4,0.8765958964094591,45.191942363072755,41.737908822986746,80.33640016587171,21.545243558124834,59,69,7,398,1.6,0,0,39.96566165834086,0.0,On Schedule,0,0.86,68.0,67.14285714285714
530,2025-04-25,Control Valve,ABB Group,2,0.7574723365402994,77.25804621339981,70.48794636263491,98.58076662265597,35.21420556096033,62,39,5,799,2.8,23,1,76.23145212362783,5.743505760992917,Moderate Delay,1,1.59,59.0,66.42857142857143
531,2025-04-26,Industrial Motor,Bosch India,2,0.9424766038525686,59.21960147714431,58.85789368516077,86.00925477089346,25.610406710207275,64,57,6,617,2.11,7,0,59.95491728133416,1.0970235961733934,Minor Delay,1,1.12,62.0,65.57142857142857
532,2025-04-27,Gear Assembly,ABB Group,4,0.956224184857803,77.58434571589453,68.27952033016915,115.48933885353595,24.65789820620205,66,68,5,662,4.77,0,0,69.8659155455446,1.5863952153754468,Minor Delay,0,0.97,64.0,65.0
533,2025-04-28,Cooling Fan,Siemens India,2,0.7356670262392471,76.43724576050894,77.73679349978893,108.98323821371442,26.853490707504815,75,72,4,784,4.54,3,0,79.77595093583318,2.039157436044249,Minor Delay,1,1.04,66.0,66.57142857142857
534,2025-04-29,Gear Assembly,ABB Group,5,0.7648517953947678,86.57158422517936,77.34932398997904,122.75101575829619,29.373697270923294,67,48,5,382,1.34,19,1,85.16556123183904,7.816237241859994,Moderate Delay,1,1.4,75.0,65.85714285714286
535,2025-04-30,Bearing Unit,Tata Steel Ltd,1,0.8415486127589477,68.5416392279401,62.547894577745296,84.39951516648736,18.918824346401202,61,49,6,480,3.07,12,0,61.300955398037566,0.0,On Schedule,1,1.24,67.0,64.85714285714286
536,2025-05-01,Gear Assembly,Siemens India,5,0.6,53.141635956474246,50.2539294067586,85.62834943259458,18.67973216416902,66,86,5,451,1.9,0,1,73.59999231603962,23.346062909281017,Critical Delay,0,0.77,61.0,65.85714285714286
537,2025-05-02,Bearing Unit,Tata Steel Ltd,5,0.972960065421498,80.2975547671965,77.28045330027324,117.37323634999834,16.794150419864398,63,52,4,355,2.64,11,0,79.86662487793862,2.5861715776653824,Minor Delay,1,1.21,66.0,66.0
538,2025-05-03,Conveyor Belt,Larsen & Toubro,2,0.8748579577798719,106.41623074766096,100.06841422492899,140.13701024741542,25.49127508584449,66,107,6,489,4.51,0,0,100.38609558639634,0.3176813614673506,Minor Delay,0,0.62,63.0,66.28571428571429
539,2025-05-04,Cooling Fan,SKF Bearings,1,0.7873539580976652,93.12097824540818,87.02351604751102,157.33907670372693,43.39222279831774,67,56,7,717,3.11,11,1,101.21229097987859,14.188774932367565,Moderate Delay,1,1.2,66.0,66.42857142857143
540,2025-05-05,Cooling Fan,Tata Steel Ltd,2,0.6497334123161206,67.06942927401727,70.01147821676723,112.77968993057551,28.5383057462906,70,95,5,321,2.34,0,0,71.19071235109459,1.1792341343273591,Minor Delay,0,0.74,67.0,65.71428571428571
541,2025-05-06,Hydraulic Pump,Siemens India,3,0.7608990231828686,114.84184182070858,113.58645348790841,171.3250764343913,37.53726444738323,63,45,6,367,1.83,18,1,120.1397707234755,6.553317235567079,Moderate Delay,1,1.4,70.0,65.14285714285714
542,2025-05-07,Industrial Motor,Larsen & Toubro,2,0.7175332651711318,112.97660569993457,99.86946689495977,155.80269243914668,40.12308891018408,71,114,5,484,4.2,0,0,100.44990007163922,0.580433176679449,Minor Delay,0,0.62,63.0,66.57142857142857
543,2025-05-08,Bearing Unit,Tata Steel Ltd,2,0.78627442714905,56.7478719507279,54.08809376931716,89.82368891858629,17.64856921085621,67,103,5,309,3.5,0,0,51.82453409736488,0.0,On Schedule,0,0.65,71.0,66.71428571428571
544,2025-05-09,Hydraulic Pump,Bosch India,2,0.6975518429684018,43.15340680962904,44.39413107741629,59.24493597451429,18.220833851116044,59,84,5,365,2.87,0,0,47.17281903372557,2.778687956309277,Minor Delay,0,0.7,67.0,66.14285714285714
545,2025-05-10,Gear Assembly,ABB Group,1,0.9585992738253506,99.30469666806098,92.47725564343138,133.22765356090503,43.22298032299941,73,110,8,563,1.87,0,0,90.21450912279629,0.0,On Schedule,0,0.66,59.0,67.14285714285714
546,2025-05-11,Gear Assembly,SKF Bearings,2,0.8333036484776228,106.20882090793226,95.17102443991517,174.00284512558005,45.56205020197576,64,106,6,524,2.34,0,0,93.70031617838228,0.0,On Schedule,0,0.6,73.0,66.71428571428571
547,2025-05-12,Hydraulic Pump,Tata Steel Ltd,1,0.9465670315006918,117.42916527610842,118.47726885958117,143.75621387532422,48.94254055503319,58,48,3,422,4.84,10,0,120.35903614091906,1.8817672813378863,Minor Delay,1,1.21,64.0,65.0
548,2025-05-13,Cooling Fan,Larsen & Toubro,4,0.6310545508638286,111.18691152706486,109.29921921747837,139.74650199516498,29.058844049354015,70,68,6,337,3.08,2,1,133.49375597825758,24.194536760779215,Critical Delay,1,1.03,58.0,66.0
549,2025-05-14,Gear Assembly,Bosch India,3,0.8984283613074477,88.04278145651318,86.01367059477403,106.00992758104444,26.535301397642165,72,52,5,790,2.6,20,0,86.72525236378064,0.7115817690066137,Minor Delay,1,1.38,70.0,66.14285714285714
550,2025-05-15,Conveyor Belt,Mahindra Industrial,1,0.8367619437625312,82.40418713699046,73.26622326403924,106.44691994017772,28.096006772354723,61,92,8,422,3.09,0,1,95.84606941921224,22.579846155173,Critical Delay,0,0.66,72.0,65.28571428571429
551,2025-05-16,Conveyor Belt,Larsen & Toubro,4,0.6,42.2272841010069,38.1686015813188,52.42069733997679,12.636003708492648,59,64,7,617,4.12,0,1,58.26225199868163,20.093650417362824,Critical Delay,0,0.92,61.0,65.28571428571429
552,2025-05-17,Hydraulic Pump,ABB Group,1,0.9274879665778224,59.73251574758223,58.886308932073455,107.36808726603488,25.474846367848524,60,40,5,455,2.36,20,0,60.91520392433159,2.028894992258138,Minor Delay,1,1.5,59.0,63.42857142857143
553,2025-05-18,Bearing Unit,Larsen & Toubro,1,0.8191749230406774,76.76918013863411,70.2691377287476,105.42603893190433,22.939096037458455,65,68,6,693,1.71,0,0,70.36355485899186,0.0944171302442669,Minor Delay,0,0.96,60.0,63.57142857142857
554,2025-05-19,Bearing Unit,Bosch India,3,0.9535900948288903,90.28031200668542,87.18296725828,116.421952061861,21.79995317863172,67,108,7,600,3.34,0,0,86.44492667047982,0.0,On Schedule,0,0.62,65.0,64.85714285714286
555,2025-05-20,Hydraulic Pump,Larsen & Toubro,5,0.8407268587992798,84.58014666547285,82.26517846196447,113.72627530684234,27.041299321005216,64,41,5,620,3.66,23,1,105.93463430091563,23.669455838951166,Critical Delay,1,1.56,67.0,64.0
556,2025-05-21,Bearing Unit,Bosch India,5,0.9225681609387237,99.41087917453524,92.27280250990418,175.12969466018373,49.106422418520786,61,63,4,781,3.85,0,0,94.8038755071909,2.5310729972867136,Minor Delay,0,0.97,64.0,62.42857142857143
557,2025-05-22,Cooling Fan,Tata Steel Ltd,1,0.8663989140880313,62.38135447096327,64.95347972333978,94.326604917664,16.70350744077608,68,90,5,366,4.53,0,0,62.170993628428555,0.0,On Schedule,0,0.76,61.0,63.42857142857143
558,2025-05-23,Cooling Fan,Bosch India,2,0.7779029293543128,85.19620861219786,87.17437070375706,120.88412151776687,32.68532076576676,59,43,4,692,2.48,16,0,89.31115202587534,2.1367813221182814,Minor Delay,1,1.37,68.0,63.42857142857143
559,2025-05-24,Bearing Unit,Bosch India,4,0.6864800946202497,47.051379471263374,47.183287839406894,81.11821911334403,15.52186967490415,66,73,5,432,1.3,0,0,45.56819455053358,0.0,On Schedule,0,0.9,59.0,64.28571428571429
560,2025-05-25,Conveyor Belt,SKF Bearings,2,0.9450676326995199,73.09324188665656,65.29119303259132,105.03456189685768,16.17607314825754,59,100,7,661,4.83,0,0,67.38361099911513,2.0924179665238114,Minor Delay,0,0.59,66.0,63.42857142857143
561,2025-05-26,Bearing Unit,Bosch India,2,0.7713629512055552,100.01286663636807,89.81576510943948,140.11854042117332,34.64075470647996,63,106,7,693,2.74,0,1,99.21835352615477,9.40258841671529,Moderate Delay,0,0.59,59.0,62.857142857142854
562,2025-05-27,Cooling Fan,Bosch India,1,0.9400531138448767,95.47206827432352,92.01338531184915,126.44029661615363,39.20553787221657,60,46,4,439,3.49,14,0,89.84856499235046,0.0,On Schedule,1,1.3,63.0,62.285714285714285
563,2025-05-28,Control Valve,Mahindra Industrial,1,0.818009866140622,119.25141897377432,108.19934883656038,170.13338716951867,42.21094690370093,60,91,7,381,3.67,0,0,108.68066261870362,0.48131378214324627,Minor Delay,0,0.66,60.0,62.142857142857146
564,2025-05-29,Industrial Motor,Tata Steel Ltd,1,0.673298241114289,62.23129007902048,65.11291798152035,86.50215370849085,28.72794364560996,59,77,5,357,3.19,0,0,67.44156549558919,2.328647514068834,Minor Delay,0,0.77,60.0,60.857142857142854
565,2025-05-30,Gear Assembly,ABB Group,1,0.8421689420280585,79.85514393391833,72.42449819964666,128.27789581476148,22.89296090269213,68,55,6,448,1.82,13,1,94.15188405984838,21.72738586020172,Critical Delay,1,1.24,59.0,62.142857142857146
566,2025-05-31,Control Valve,SKF Bearings,5,0.6618734840656403,66.36243310191973,63.89836490514302,91.16536744201414,14.989598078610564,57,55,9,704,4.02,2,1,82.69818883222914,18.799823927086116,Critical Delay,1,1.04,68.0,60.857142857142854
567,2025-06-01,Bearing Unit,Mahindra Industrial,1,0.7079644044132191,75.24824912473397,70.87636946921697,116.35786113780368,36.19212656525694,57,75,8,748,4.22,0,1,93.27155446057074,22.395184991353773,Critical Delay,0,0.76,57.0,60.57142857142857
568,2025-06-02,Conveyor Belt,Siemens India,5,0.9242190929886649,108.55601038955105,107.32885977455744,134.55900679854176,34.0278481325129,72,103,4,430,3.21,0,0,107.17009765595078,0.0,On Schedule,0,0.7,57.0,61.857142857142854
569,2025-06-03,Hydraulic Pump,Tata Steel Ltd,5,0.8449493104205216,94.73672601507893,85.44648166880707,124.55733627466262,35.32937764350579,66,56,3,368,2.95,10,0,86.92588171162743,1.4794000428203589,Minor Delay,1,1.18,72.0,62.714285714285715
570,2025-06-04,Bearing Unit,Tata Steel Ltd,1,0.8291055782001729,110.59529530780654,105.41432518484504,159.7486181636564,48.3966049472838,50,45,6,644,1.46,5,0,107.2423548919784,1.8280297071333536,Minor Delay,1,1.11,66.0,61.285714285714285
571,2025-06-05,Conveyor Belt,Siemens India,3,0.9190123302235861,56.280888666550915,52.15549139905002,99.17646838712703,16.731976096197013,59,84,4,549,1.34,0,0,53.574456651350694,1.4189652523006728,Minor Delay,0,0.7,50.0,61.285714285714285
572,2025-06-06,Industrial Motor,ABB Group,4,0.8772086091203476,109.86888942731504,113.26578929356151,156.7116213356777,45.579038622503035,53,48,8,619,2.36,5,0,115.8177677148091,2.5519784212475827,Minor Delay,1,1.1,59.0,59.142857142857146
573,2025-06-07,Bearing Unit,Bosch India,2,0.8861663369546889,44.780981934270756,39.71623366928013,71.57991305580481,10.775453107029717,57,91,7,476,2.24,0,0,39.3972390523997,0.0,On Schedule,0,0.63,53.0,59.142857142857146
574,2025-06-08,Cooling Fan,Mahindra Industrial,5,0.6711629018475576,111.08794243497219,115.01308757620049,150.30779973011374,31.925355393364192,47,72,8,371,4.81,0,1,135.9513188910531,20.9382313148526,Critical Delay,0,0.65,57.0,57.714285714285715
575,2025-06-09,Hydraulic Pump,Larsen & Toubro,4,0.6,66.32590235685824,67.75913901661052,84.64645276185574,16.144599528088545,62,57,8,316,4.13,5,1,79.68904028014703,11.929901263536507,Moderate Delay,1,1.09,47.0,56.285714285714285
576,2025-06-10,Conveyor Belt,SKF Bearings,3,0.7051854635699152,65.16701067312532,60.643574381582674,80.48920595306144,28.89304327193707,57,37,6,628,3.64,20,1,81.13154512192779,20.487970740345112,Critical Delay,1,1.54,62.0,55.0
577,2025-06-11,Conveyor Belt,Larsen & Toubro,2,0.6956868232314942,80.96708613589311,82.11515175158037,111.99756798921699,21.60159516918798,64,103,7,459,3.07,0,1,92.36427781127817,10.2491260596978,Moderate Delay,0,0.62,57.0,57.0
578,2025-06-12,Conveyor Belt,Siemens India,2,0.8571768951634001,115.25521501785855,102.03616856912912,149.20901134747865,47.85639331341282,55,87,6,369,1.67,0,0,100.07492120412005,0.0,On Schedule,0,0.63,64.0,56.42857142857143
579,2025-06-13,Industrial Motor,Tata Steel Ltd,5,0.6,43.82250917451243,45.76678872977382,57.16235568220349,21.165812635182633,64,44,3,412,4.91,20,1,57.33863199033492,11.571843260561096,Moderate Delay,1,1.45,55.0,58.0
580,2025-06-14,Bearing Unit,ABB Group,1,0.6521795466000923,68.17847800565963,66.1004757358929,112.93462067146785,24.43050738553217,62,101,7,531,2.5,0,1,73.25859008035242,7.15811434445952,Moderate Delay,0,0.61,64.0,58.714285714285715
581,2025-06-15,Industrial Motor,Tata Steel Ltd,3,0.8309273045908196,108.52575909466685,101.09801461067636,131.26221411673282,39.28727522594465,72,80,5,320,1.43,0,0,98.38488099289124,0.0,On Schedule,0,0.9,62.0,62.285714285714285
582,2025-06-16,Gear Assembly,SKF Bearings,5,0.7553488397204984,71.68435819483733,67.50079784225903,110.01298634856047,24.25154026957771,72,102,9,434,2.98,0,1,91.2023301618684,23.70153231960937,Critical Delay,0,0.71,72.0,63.714285714285715
583,2025-06-17,Gear Assembly,Tata Steel Ltd,3,0.8570541436298797,55.932551807765364,49.8520631391997,79.85360816677252,16.654870560254576,69,46,5,562,4.5,23,1,60.67213040720533,10.82006726800563,Moderate Delay,1,1.5,72.0,65.42857142857143
584,2025-06-18,Bearing Unit,Tata Steel Ltd,1,0.9912983643338162,73.98353450651294,77.54875793062367,111.2660570463204,25.353899019391612,64,80,5,410,4.55,0,0,76.0275171484487,0.0,On Schedule,0,0.8,69.0,65.42857142857143
585,2025-06-19,Cooling Fan,SKF Bearings,1,0.7876378909849664,70.84420011933355,62.81610919732022,108.93699491826624,26.980465258671085,76,112,8,786,1.04,0,1,78.22855850074926,15.412449303429035,Critical Delay,0,0.68,64.0,68.42857142857143
586,2025-06-20,Industrial Motor,Mahindra Industrial,5,0.9004575130801786,113.23329611733628,112.25204025806417,157.1701495048563,56.14078192170672,59,39,8,545,4.55,20,1,125.07869698738803,12.826656729323858,Moderate Delay,1,1.51,76.0,67.71428571428571
587,2025-06-21,Hydraulic Pump,Mahindra Industrial,1,0.8408417755431671,100.95475005944778,96.4385501893844,139.02128480347713,48.592486022063405,60,40,7,582,2.09,20,1,120.63711260105444,24.19856241167004,Critical Delay,1,1.5,59.0,67.42857142857143
588,2025-06-22,Conveyor Belt,SKF Bearings,4,0.8549058752564981,80.40924445952051,83.73141327156787,131.87446650556552,36.879369287371226,67,104,9,307,1.16,0,0,81.59059829484933,0.0,On Schedule,0,0.64,60.0,66.71428571428571
589,2025-06-23,Conveyor Belt,ABB Group,2,0.6830180850427918,119.06964533772569,109.76077520855407,205.12915958517564,55.574466331141,79,73,7,756,4.39,6,1,121.46175862732372,11.700983418769653,Moderate Delay,1,1.08,67.0,67.71428571428571
590,2025-06-24,Bearing Unit,Siemens India,5,0.6848334659273062,77.22220250207386,74.9406540011855,101.58958969442406,26.282943812197175,67,62,4,583,4.46,5,0,75.28834644979237,0.3476924486068782,Minor Delay,1,1.08,79.0,67.42857142857143
591,2025-06-25,Cooling Fan,Tata Steel Ltd,3,0.8233709141504542,44.65902646562202,42.962008266189606,56.206567044914685,17.740052375251846,68,44,5,506,3.38,24,1,63.532924694643384,20.570916428453778,Critical Delay,1,1.55,67.0,68.0
592,2025-06-26,Gear Assembly,ABB Group,4,0.7592305202858463,60.98194574519879,60.95068002649623,106.02793598763786,28.571262249968488,62,92,6,493,3.3,0,0,59.06035204976662,0.0,On Schedule,0,0.67,68.0,66.0
593,2025-06-27,Gear Assembly,Tata Steel Ltd,5,0.6,74.88563841754501,66.76517004601561,105.58405320583702,23.805038354421054,74,58,4,754,4.25,16,1,88.87349313863922,22.108323092623607,Critical Delay,1,1.28,62.0,68.14285714285714
594,2025-06-28,Conveyor Belt,Siemens India,1,0.7678684176217416,52.55220993168961,47.97723273727622,80.44642026988966,25.673265086267868,75,119,6,346,4.15,0,0,45.21083498101245,0.0,On Schedule,0,0.63,74.0,70.28571428571429
595,2025-06-29,Bearing Unit,Mahindra Industrial,1,0.8098599596861222,115.80521010592344,106.1326979854853,163.94843376307819,37.606099704295566,74,71,9,765,4.56,3,1,119.8448279351046,13.71212994961931,Moderate Delay,1,1.04,75.0,71.28571428571429
596,2025-06-30,Industrial Motor,ABB Group,1,0.7366402369280867,101.34791182542185,101.90386880101714,129.26737664536523,38.54512425670272,68,72,7,641,3.21,0,0,99.11980777422914,0.0,On Schedule,0,0.94,74.0,69.71428571428571
597,2025-07-01,Gear Assembly,Bosch India,1,0.6935807771834867,61.46297603422181,56.06367352722584,95.48881730284461,25.380608231095607,68,79,5,541,4.87,0,0,58.05309051741501,1.98941699018917,Minor Delay,0,0.86,68.0,69.85714285714286
598,2025-07-02,Industrial Motor,Bosch India,3,0.9582846064629171,87.26436268143327,85.30035601709078,132.21288426631696,42.33871439362638,65,94,5,309,4.98,0,0,85.84905560574893,0.5486995886581525,Minor Delay,0,0.69,68.0,69.42857142857143
599,2025-07-03,Cooling Fan,Bosch India,4,0.6377279209619305,97.71593256876577,89.56558827099937,129.1605420476114,26.71405871590734,73,96,4,669,1.47,0,1,102.129024560058,12.563436289058629,Moderate Delay,0,0.76,65.0,71.0
600,2025-07-04,Gear Assembly,Mahindra Industrial,2,0.8480837641934609,115.30231431254384,118.35508623343775,169.62370514381612,48.869651433868086,67,75,10,588,4.4,0,1,138.3100026520903,19.95491641865256,Critical Delay,0,0.89,73.0,70.0
601,2025-07-05,Gear Assembly,Mahindra Industrial,3,0.8677495215234564,110.53082793403286,114.9710201018132,185.48935398412561,39.37601896804278,67,85,10,690,3.0,0,0,114.11953191317346,0.0,On Schedule,0,0.79,67.0,68.85714285714286
602,2025-07-06,Control Valve,Siemens India,3,0.6,81.21537809105709,78.62816522970371,126.22946122851062,22.786366532578985,72,68,5,430,2.55,4,1,101.8860848358284,23.257919606124688,Critical Delay,1,1.06,67.0,68.57142857142857
603,2025-07-07,Gear Assembly,Tata Steel Ltd,2,0.6,101.97220958344141,95.84291604780519,128.2963758928952,44.152136546183776,72,77,6,569,3.45,0,1,115.94155070924995,20.098634661444763,Critical Delay,0,0.94,72.0,69.14285714285714
604,2025-07-08,Hydraulic Pump,Siemens India,2,0.6,84.9715803062068,78.15599470391454,129.90564796424806,31.071276009241952,72,53,6,727,1.22,19,1,87.69852201575185,9.542527311837304,Moderate Delay,1,1.36,72.0,69.71428571428571
605,2025-07-09,Bearing Unit,Siemens India,1,0.6,84.21631120364322,74.82305715297595,136.56878982898635,33.54269533391689,77,72,4,601,3.03,5,1,97.58921210173006,22.766154948754107,Critical Delay,1,1.07,72.0,71.42857142857143
606,2025-07-10,Bearing Unit,Mahindra Industrial,3,0.6,49.17935666705535,45.5226262391249,82.40601411491507,14.59989137934084,76,66,8,360,4.48,10,1,58.27425958786156,12.75163334873666,Moderate Delay,1,1.15,77.0,71.85714285714286
607,2025-07-11,Industrial Motor,Bosch India,5,0.7005068004094315,50.09101264129217,49.65121768735362,79.01709712008751,17.25045240973479,75,69,5,463,1.85,6,0,52.01658594379511,2.365368256441485,Minor Delay,1,1.09,76.0,73.0
608,2025-07-12,Cooling Fan,Larsen & Toubro,2,0.9103880739808103,82.3626892017966,79.95068782684129,106.3792292182695,31.726624730820753,77,94,8,312,2.71,0,0,77.37186749528757,0.0,On Schedule,0,0.82,75.0,74.42857142857143
609,2025-07-13,Gear Assembly,Tata Steel Ltd,2,0.7593270807780085,61.50892359832053,63.99923645262727,100.01990423574297,19.773473221381384,72,90,5,571,4.76,0,0,66.88116888899422,2.8819324363669523,Minor Delay,0,0.8,77.0,74.42857142857143
610,2025-07-14,Hydraulic Pump,Mahindra Industrial,4,0.7193549231321176,41.68295219683749,39.48905898536997,66.9597073108851,10.817216368058592,78,99,7,507,2.71,0,1,56.01364722092866,16.52458823555869,Critical Delay,0,0.79,72.0,75.28571428571429
611,2025-07-15,Industrial Motor,Bosch India,5,0.8011195640620413,97.82713631201699,97.62725279579313,118.82633077868698,47.78778791986871,79,72,7,545,2.43,7,0,98.32500353731989,0.697750741526761,Minor Delay,1,1.1,78.0,76.28571428571429
612,2025-07-16,Control Valve,ABB Group,5,0.8982223657567063,42.598927735213195,41.03064254799869,61.64271876434744,15.056176180197456,71,93,6,432,2.76,0,0,39.13142807181178,0.0,On Schedule,0,0.76,79.0,75.42857142857143
613,2025-07-17,Industrial Motor,Larsen & Toubro,2,0.7475112463085554,87.62214728832436,84.74270449071999,122.65086609340185,36.81673309264001,84,127,6,543,3.08,0,0,85.8171190845818,1.0744145938618175,Minor Delay,0,0.66,71.0,76.57142857142857
614,2025-07-18,Industrial Motor,Larsen & Toubro,1,0.6,83.13550353018515,76.94370702766373,133.15374965476656,26.878885329322742,75,60,8,772,3.53,15,1,98.57241941351796,21.62871238585423,Critical Delay,1,1.25,84.0,76.57142857142857
615,2025-07-19,Gear Assembly,Mahindra Industrial,4,0.6404560621479806,117.50517524622435,112.4925962460857,156.2444561970171,36.01998109944765,80,83,9,593,4.2,0,1,121.26049159409554,8.767895348009844,Moderate Delay,0,0.96,75.0,77.0
616,2025-07-20,Control Valve,SKF Bearings,5,0.8632856791215795,78.73705114781133,75.59020281627397,122.3985690699915,25.365085087752888,86,105,6,785,2.81,0,0,77.17049037497534,1.5802875587013716,Minor Delay,0,0.82,80.0,79.0
617,2025-07-21,Industrial Motor,Tata Steel Ltd,2,0.6998415017539411,45.08811491022379,45.0939415885782,78.81057909805584,14.552594570810344,85,127,3,733,4.27,0,0,44.669998288802844,0.0,On Schedule,0,0.67,86.0,80.0
618,2025-07-22,Hydraulic Pump,Larsen & Toubro,5,0.8020486658690283,84.13503742451694,87.49276579444353,141.2359243753041,30.56239181103966,81,91,5,337,3.13,0,0,89.66256143191681,2.1697956374732854,Minor Delay,0,0.89,85.0,80.28571428571429
619,2025-07-23,Hydraulic Pump,Mahindra Industrial,4,0.9549281606707766,107.28769364928812,100.41963086759851,188.06187756752513,38.949827405311304,79,101,7,658,2.35,0,0,98.32402531137734,0.0,On Schedule,0,0.78,81.0,81.42857142857143
620,2025-07-24,Bearing Unit,Mahindra Industrial,4,0.6615591315294341,119.74794274251519,106.23727089362808,214.00197719189737,41.809532552072554,86,75,9,355,3.63,11,1,126.92747360717914,20.69020271355106,Critical Delay,1,1.15,79.0,81.71428571428571
621,2025-07-25,Control Valve,Bosch India,3,0.8818104157679748,74.42745389512581,71.77561646487838,89.78943490563475,17.895019616823454,85,103,5,618,3.87,0,0,70.44864196634403,0.0,On Schedule,0,0.83,86.0,83.14285714285714
622,2025-07-26,Control Valve,ABB Group,2,0.820037290088866,65.6238993997394,63.82307633873155,103.26870580352382,22.891102068686813,79,120,6,675,3.23,0,0,61.38403050823549,0.0,On Schedule,0,0.66,85.0,83.0
623,2025-07-27,Bearing Unit,SKF Bearings,4,0.7561994724977359,112.53226375615992,102.25074151504636,162.9133677059156,28.21534616853163,78,92,6,347,1.23,0,0,100.51600855869047,0.0,On Schedule,0,0.85,79.0,81.85714285714286
624,2025-07-28,Industrial Motor,Tata Steel Ltd,3,0.8339628249717561,55.29937032608971,55.81249224695746,94.88889152386345,13.15244293254055,72,60,3,404,1.68,12,0,54.24486511842433,0.0,On Schedule,1,1.2,78.0,80.0
625,2025-07-29,Control Valve,Siemens India,3,0.8434979824574976,89.23431320263413,93.4674059509781,120.56348303602745,42.814062655021964,84,121,4,773,2.14,0,0,95.97320509650837,2.5057991455302613,Minor Delay,0,0.69,72.0,80.42857142857143
626,2025-07-30,Hydraulic Pump,ABB Group,5,0.7953024593623235,72.45715393447583,75.41207998613369,129.59814754561373,27.641317654487082,83,108,8,358,2.13,0,0,72.88073811864062,0.0,On Schedule,0,0.77,84.0,81.0
627,2025-07-31,Hydraulic Pump,ABB Group,5,0.8009567315535844,43.286589196444424,39.54264667508973,67.88310189426784,17.221440406842326,89,121,8,376,3.69,0,1,56.46590263330328,16.923255958213552,Critical Delay,0,0.74,83.0,81.42857142857143
628,2025-08-01,Gear Assembly,Bosch India,3,0.7418161871443596,67.78307794445581,69.7360270935049,113.61273808561768,21.727059091029776,85,74,5,727,1.07,11,0,69.30051781463116,0.0,On Schedule,1,1.15,89.0,81.42857142857143
629,2025-08-02,Control Valve,Larsen & Toubro,5,0.8323522741680269,61.218281800213965,61.203829277440654,76.60609268826268,28.937530877718988,90,129,6,798,4.02,0,0,61.39822140080213,0.1943921233614745,Minor Delay,0,0.7,85.0,83.0
630,2025-08-03,Industrial Motor,Larsen & Toubro,4,0.7679036133884437,94.88729231547894,90.82174340389624,124.30944394179107,37.13690751560648,80,109,5,517,2.06,0,0,93.2139017267092,2.3921583228129606,Minor Delay,0,0.73,90.0,83.28571428571429
631,2025-08-04,Bearing Unit,Bosch India,1,0.6,115.90323981535346,112.64680721025712,191.82475345394104,49.925431916911634,90,74,7,682,2.24,16,1,135.5136400468093,22.866832836552163,Critical Delay,1,1.22,80.0,85.85714285714286
632,2025-08-05,Bearing Unit,Mahindra Industrial,4,0.9253156798914592,61.44377499029102,62.94497112862289,74.54309093615119,19.082515823099687,82,98,9,354,3.11,0,0,65.93114844059016,2.9861773119672748,Minor Delay,0,0.84,90.0,85.57142857142857
633,2025-08-06,Industrial Motor,Larsen & Toubro,3,0.6,104.91727513213453,100.89085854191869,177.3234975958026,51.20000421543235,88,73,8,354,1.86,15,1,109.33026657878955,8.439408036870859,Moderate Delay,1,1.21,82.0,86.28571428571429
634,2025-08-07,Cooling Fan,SKF Bearings,3,0.9396196572175739,44.42878535507276,41.91612662859756,53.68638520051341,19.82138663679151,77,67,7,428,4.54,10,0,43.43645531811657,1.5203286895190118,Minor Delay,1,1.15,88.0,84.57142857142857
635,2025-08-08,Conveyor Belt,Tata Steel Ltd,4,0.7877230810267177,83.04968080318505,80.04760707177535,132.40372286410104,37.88598034335551,86,79,6,691,1.34,7,0,82.87235301518952,2.8247459434141717,Minor Delay,1,1.09,77.0,84.71428571428571
636,2025-08-09,Gear Assembly,ABB Group,5,0.8409015871764167,45.64400509679157,44.66047111878013,64.77141536967078,11.48669182536414,75,80,6,682,2.78,0,0,46.38307791399537,1.722606795215242,Minor Delay,0,0.94,86.0,82.57142857142857
637,2025-08-10,Bearing Unit,ABB Group,5,0.9044408542728788,114.72263929045114,104.64347544588772,179.7585491984247,32.270212165368264,84,111,5,687,4.4,0,0,107.42269129171622,2.779215845828503,Minor Delay,0,0.76,75.0,83.14285714285714
638,2025-08-11,Control Valve,SKF Bearings,3,0.9378993066069997,101.30810244459121,104.66690309851239,163.8778955838531,28.94250713541146,87,69,8,384,3.46,18,0,105.91052745417912,1.243624355666725,Minor Delay,1,1.26,84.0,82.71428571428571
639,2025-08-12,Gear Assembly,Larsen & Toubro,2,0.9471032124845014,92.63599289636738,92.13684990724593,130.19851065867545,26.055982043350745,82,80,5,513,2.17,2,0,89.61543045995236,0.0,On Schedule,1,1.02,87.0,82.71428571428571
640,2025-08-13,Control Valve,ABB Group,5,0.837275255421979,105.91171052997313,104.60430629069155,133.95474516742098,48.36166460092433,80,62,5,414,2.68,18,0,104.01582741264761,0.0,On Schedule,1,1.29,82.0,81.57142857142857
641,2025-08-14,Cooling Fan,Siemens India,4,0.7450726214289051,91.80158364561305,82.33815850026407,113.99806094693388,19.238439137432053,89,111,6,736,3.83,0,1,95.75180324108264,13.413644740818569,Moderate Delay,0,0.8,80.0,83.28571428571429
642,2025-08-15,Hydraulic Pump,Tata Steel Ltd,5,0.6847336217298781,117.51555177394329,115.48365729207413,182.54414711932554,26.18599001330867,84,88,5,613,4.89,0,0,116.36324099488895,0.879583702814827,Minor Delay,0,0.95,89.0,83.0
643,2025-08-16,Gear Assembly,Tata Steel Ltd,4,0.8887007566938575,97.11663582918172,87.4596792690062,146.87854082368375,27.403834387584876,83,115,5,592,4.57,0,0,86.56399032573171,0.0,On Schedule,0,0.72,84.0,84.14285714285714
644,2025-08-17,Bearing Unit,ABB Group,3,0.8658502042165062,113.97268876657974,101.82076167367893,187.5216132887782,29.628555853087402,85,114,6,348,2.37,0,0,100.46106518236161,0.0,On Schedule,0,0.75,83.0,84.28571428571429
645,2025-08-18,Gear Assembly,Bosch India,5,0.7913590398160485,81.37055136085104,78.9003735114399,122.53113733135623,21.934073658158628,98,134,4,366,4.99,0,0,79.36476911423844,0.46439560279854675,Minor Delay,0,0.73,85.0,85.85714285714286
646,2025-08-19,Gear Assembly,ABB Group,4,0.8625296306781278,49.36515303854901,46.821541494009345,71.75064429147787,21.69020690377691,91,113,6,574,1.01,0,0,49.42255275422396,2.6010112602146123,Minor Delay,0,0.81,98.0,87.14285714285714
647,2025-08-20,Gear Assembly,Bosch India,3,0.7881456369314292,82.25421771384137,80.61717337428829,118.35167091324867,30.346704779103383,91,69,6,428,1.11,22,1,102.27403523162504,21.65686185733675,Critical Delay,1,1.32,91.0,88.71428571428571
648,2025-08-21,Conveyor Belt,ABB Group,2,0.8290849466088587,50.149826245047464,44.89250805393885,60.97557603605258,10.116784547357904,87,98,6,328,4.3,0,0,42.10239929503577,0.0,On Schedule,0,0.89,91.0,88.42857142857143
649,2025-08-22,Gear Assembly,Siemens India,4,0.8432012938135841,87.3994783341124,83.31504906084594,122.4758886286603,28.736671394673987,85,67,6,642,1.8,18,1,88.69968312998114,5.384634069135203,Moderate Delay,1,1.27,87.0,88.57142857142857
650,2025-08-23,Control Valve,Mahindra Industrial,2,0.7121901205173546,78.59944484221303,71.50299505176586,140.34811933239638,25.33774761142607,72,47,10,332,1.24,25,1,78.74702238707872,7.24402733531285,Moderate Delay,1,1.53,85.0,87.0
651,2025-08-24,Hydraulic Pump,Tata Steel Ltd,2,0.7741300056619606,89.80603182662253,94.09939010196355,154.83757412053114,21.031098113593433,81,125,5,418,1.95,0,0,95.71477732321218,1.6153872212486249,Minor Delay,0,0.65,72.0,86.42857142857143
652,2025-08-25,Cooling Fan,ABB Group,1,0.9391549518134289,40.80375848438653,39.79980388234355,57.028428039654806,16.4374895698658,82,103,5,479,2.7,0,0,41.13616755061131,1.336363668267765,Minor Delay,0,0.8,81.0,84.14285714285714
653,2025-08-26,Industrial Motor,Siemens India,5,0.735677843153541,55.58723933242913,55.412932556096784,86.30904151487088,22.825741200008732,74,53,4,724,3.92,21,1,80.22423681123148,24.811304255134694,Critical Delay,1,1.4,82.0,81.71428571428571
654,2025-08-27,Gear Assembly,Bosch India,4,0.8481943030769975,79.30643455297047,74.17698221509424,135.48537180161787,33.012728179524714,78,102,4,450,3.5,0,0,76.96070276742397,2.7837205523297257,Minor Delay,0,0.76,74.0,79.85714285714286
655,2025-08-28,Bearing Unit,Bosch India,2,0.6,116.04028492713078,103.98435094887107,169.9717017730621,48.56764981055277,73,71,5,432,1.95,2,1,114.59223452067808,10.607883571807008,Moderate Delay,1,1.03,78.0,77.85714285714286
656,2025-08-29,Gear Assembly,Tata Steel Ltd,1,0.9068759618146578,70.68872322841267,73.93319754641936,85.58811895033998,14.138864926201375,83,104,3,626,3.01,0,0,76.51746488041462,2.584267333995257,Minor Delay,0,0.8,73.0,77.57142857142857
657,2025-08-30,Bearing Unit,SKF Bearings,3,0.8867469413634353,73.94976208429077,68.67448451955693,92.04573305571637,35.952617364374305,87,79,8,484,4.7,8,1,93.185348394036,24.51086387447907,Critical Delay,1,1.1,83.0,79.71428571428571
658,2025-08-31,Control Valve,ABB Group,4,0.888163149046974,97.17568712052977,92.51585943832916,146.36948258366232,43.17152634353482,88,90,8,433,4.26,0,0,94.08925481059431,1.5733953722651535,Minor Delay,0,0.98,87.0,80.71428571428571
659,2025-09-01,Bearing Unit,Larsen & Toubro,2,0.9473758301112538,88.30342058288944,87.46249533689995,157.32699245141984,41.60808690252517,84,63,5,476,2.29,21,0,87.58494792499555,0.122452588095598,Minor Delay,1,1.33,88.0,81.0
660,2025-09-02,Industrial Motor,Bosch India,5,0.7359504189151824,63.91409200786666,56.51274687755414,103.28042548670469,13.082766506249005,77,81,5,321,4.93,0,0,54.73835219695526,0.0,On Schedule,0,0.95,84.0,81.42857142857143
661,2025-09-03,Hydraulic Pump,Mahindra Industrial,1,0.8386751726653474,72.86531164539423,74.15823753792053,90.53877220839856,34.98683598539498,72,47,10,540,3.83,25,1,82.808868558094,8.650631020173478,Moderate Delay,1,1.53,77.0,80.57142857142857
662,2025-09-04,Bearing Unit,Mahindra Industrial,2,0.8012149371147808,57.415983908578596,55.76345384269334,75.42258528872229,25.431638321468046,73,93,7,376,1.25,0,0,56.03486815264678,0.2714143099534425,Minor Delay,0,0.78,72.0,80.57142857142857
663,2025-09-05,Bearing Unit,Bosch India,5,0.6,117.28171673041669,108.75497490773431,195.01532151072396,52.913492855812635,75,118,4,503,1.14,0,1,120.97686376788101,12.221888860146706,Moderate Delay,0,0.64,73.0,79.42857142857143
664,2025-09-06,Hydraulic Pump,SKF Bearings,2,0.8685273446642825,50.45075052458878,44.925049208011316,86.01166107611996,11.502075677027566,76,81,9,303,1.67,0,1,64.98243809808272,20.057388890071408,Critical Delay,0,0.94,75.0,77.85714285714286
665,2025-09-07,Industrial Motor,SKF Bearings,4,0.6,69.74694276531355,63.304050139679426,109.54571668798008,29.407641222839686,80,124,6,627,3.91,0,1,81.459618284443,18.15556814476357,Critical Delay,0,0.65,76.0,76.71428571428571
666,2025-09-08,Gear Assembly,Siemens India,4,0.8127940693262133,42.0671177776009,43.41981775269458,66.74595655838051,20.527702087477763,75,105,5,747,1.73,0,0,45.0119297162125,1.5921119635179224,Minor Delay,0,0.71,80.0,75.42857142857143
667,2025-09-09,Bearing Unit,Mahindra Industrial,4,0.862825677031613,57.742359354683714,57.54742796709079,70.27259397156021,23.302749199136553,82,84,9,464,3.05,0,0,59.92144324291815,2.374015275827361,Minor Delay,0,0.98,75.0,76.14285714285714
668,2025-09-10,Hydraulic Pump,Siemens India,1,0.6586390365745189,102.4376910704124,94.49705855299358,173.84886534859436,38.02163608517328,78,68,6,714,1.37,10,1,111.11950655157469,16.62244799858111,Critical Delay,1,1.15,82.0,77.0
669,2025-09-11,Control Valve,Mahindra Industrial,4,0.9362668792519457,56.094018583110355,49.98830414287888,93.84333680517624,27.13205433153994,79,107,10,720,4.68,0,1,65.58628765897903,15.59798351610015,Critical Delay,0,0.74,78.0,77.85714285714286
670,2025-09-12,Hydraulic Pump,ABB Group,5,0.9085954125676582,46.40507220231725,46.284632622044896,62.89841338181278,15.447373175015377,85,112,7,427,2.38,0,0,48.02290467730819,1.7382720552632946,Minor Delay,0,0.76,79.0,79.28571428571429
671,2025-09-13,Control Valve,ABB Group,2,0.7406411764151772,77.95625438756187,76.18737345187576,126.69497486117865,29.606855389951033,73,59,5,344,4.63,14,1,98.05618232517057,21.86880887329481,Critical Delay,1,1.24,85.0,78.85714285714286
672,2025-09-14,Industrial Motor,Larsen & Toubro,3,0.6,40.79753877876148,38.70741229290477,54.21637001696541,13.989536755945938,80,74,5,517,4.78,6,1,48.406383549572624,9.698971256667853,Moderate Delay,1,1.08,73.0,78.85714285714286
673,2025-09-15,Gear Assembly,ABB Group,5,0.8843598546850331,46.781292354106654,44.059273567950186,57.269569057831404,22.448184011685285,78,86,6,534,1.02,0,0,42.23087517909651,0.0,On Schedule,0,0.91,80.0,79.28571428571429
674,2025-09-16,Hydraulic Pump,Larsen & Toubro,5,0.9142473538071414,104.610069565038,95.9126238201318,138.15662810551595,23.30978248094059,76,103,7,435,2.86,0,0,96.51074170550015,0.5981178853683531,Minor Delay,0,0.74,78.0,78.42857142857143
675,2025-09-17,Cooling Fan,ABB Group,4,0.8070650570940563,101.71786758876851,101.09066642994976,132.96329016645677,35.63542173015652,82,120,8,467,1.1,0,0,100.0837071871379,0.0,On Schedule,0,0.68,76.0,79.0
676,2025-09-18,Cooling Fan,Tata Steel Ltd,1,0.7815247337415134,113.21110563239168,118.30714106335941,158.7954212401565,45.9734147483132,81,78,3,780,4.63,3,0,115.36237506770327,0.0,On Schedule,1,1.04,82.0,79.28571428571429
677,2025-09-19,Conveyor Belt,ABB Group,2,0.8195942521189278,108.36123487285997,98.5948092623441,157.23970439494795,47.415838096769654,72,73,8,536,3.07,0,1,112.44422780221447,13.84941853987037,Moderate Delay,0,0.99,81.0,77.42857142857143
678,2025-09-20,Bearing Unit,Siemens India,1,0.6419339047070981,94.65404505918545,92.9038752396943,142.4660119611259,35.48633100949388,75,66,4,392,1.3,9,1,101.01292108282345,8.109045843129152,Moderate Delay,1,1.14,72.0,77.71428571428571
679,2025-09-21,Industrial Motor,Bosch India,2,0.8901122896528815,44.186628584053025,42.07059543052272,65.66364215472024,20.885928948695614,77,99,4,304,1.44,0,0,40.27192104525472,0.0,On Schedule,0,0.78,75.0,77.28571428571429
680,2025-09-22,Hydraulic Pump,Siemens India,2,0.6314305643947046,102.6278894389326,98.10580523356172,139.82072544767854,49.527956106751965,74,69,5,455,2.53,5,1,115.02463714817581,16.91883191461409,Critical Delay,1,1.07,77.0,76.71428571428571
681,2025-09-23,Cooling Fan,Bosch India,1,0.7334820199108051,107.64086486724483,99.37458869940015,131.05301143713527,23.605186017092972,78,102,6,544,4.76,0,0,97.05391259900084,0.0,On Schedule,0,0.76,74.0,77.0
682,2025-09-24,Bearing Unit,SKF Bearings,5,0.651514066159971,103.92657166175636,106.03346765597254,162.4435682577522,33.330411546019135,76,90,7,659,3.77,0,1,116.04435614139895,10.010888485426406,Moderate Delay,0,0.84,78.0,76.14285714285714
683,2025-09-25,Cooling Fan,Siemens India,2,0.8945788952420708,80.6783228246421,77.65235749394088,115.97080487273526,16.703454923199295,83,60,6,380,4.47,23,1,89.3291987808086,11.676841286867713,Moderate Delay,1,1.38,76.0,76.42857142857143
684,2025-09-26,Hydraulic Pump,SKF Bearings,1,0.7942938884347794,58.63214709195853,57.01266825656586,80.86565042888188,17.5207511913076,66,57,9,546,2.47,9,1,71.43768258903643,14.425014332470568,Moderate Delay,1,1.16,83.0,75.57142857142857
685,2025-09-27,Control Valve,Larsen & Toubro,2,0.7804002072045525,107.62639805509814,100.28728457158756,185.13512272570492,38.85963737015019,73,108,7,642,1.17,0,0,102.34359931282438,2.056314741236818,Minor Delay,0,0.68,66.0,75.28571428571429
686,2025-09-28,Hydraulic Pump,Larsen & Toubro,3,0.6457434120765506,98.17302477921108,89.42653859655435,161.79365929116057,46.45925294036213,69,93,8,792,4.9,0,1,94.96195031061691,5.535411714062562,Moderate Delay,0,0.74,73.0,74.14285714285714
687,2025-09-29,Conveyor Belt,Tata Steel Ltd,5,0.8354408288633561,118.46089395110812,105.97568031262793,203.12007693772696,53.77725333544951,76,56,3,436,1.07,20,0,104.52671782551481,0.0,On Schedule,1,1.36,69.0,74.42857142857143
688,2025-09-30,Hydraulic Pump,ABB Group,4,0.7677049593471691,52.45540782047463,52.52885871285367,78.52520400102581,12.497496611968344,65,67,8,685,4.79,0,1,59.367617431270425,6.838758718416756,Moderate Delay,0,0.97,76.0,72.57142857142857
689,2025-10-01,Hydraulic Pump,Siemens India,2,0.9521496970622192,58.053166644164406,53.023430294405586,74.22438425218424,13.230845683173566,74,103,7,362,2.47,0,0,51.73161810773092,0.0,On Schedule,0,0.72,65.0,72.28571428571429
690,2025-10-02,Conveyor Belt,SKF Bearings,3,0.7056764639651444,56.943851990520216,56.79083305296735,92.11994063529455,21.45531603440626,69,101,6,779,1.04,0,0,59.55045248376066,2.7596194307933075,Minor Delay,0,0.68,74.0,70.28571428571429
691,2025-10-03,Industrial Motor,Bosch India,4,0.790833024067988,103.40318140970695,97.85704794021598,136.86902836202498,37.187443653197676,68,87,7,606,3.76,0,0,97.13156827850909,0.0,On Schedule,0,0.78,69.0,70.57142857142857
692,2025-10-04,Hydraulic Pump,Larsen & Toubro,4,0.646091722331269,54.95258371600946,52.242416595014795,80.49112665646118,15.381958635428852,64,57,8,415,4.92,7,1,70.96100100917918,18.71858441416439,Critical Delay,1,1.12,68.0,69.28571428571429
693,2025-10-05,Conveyor Belt,ABB Group,2,0.9227485450664574,45.33278638586449,43.508602964823574,56.16734379123696,21.298971641028672,69,72,5,412,4.86,0,0,40.566116805689944,0.0,On Schedule,0,0.96,64.0,69.28571428571429
694,2025-10-06,Bearing Unit,Larsen & Toubro,1,0.8784971772466,119.8848645268503,112.9927371796092,203.22702904263065,57.33013181488503,76,73,5,330,1.64,3,0,111.69581406968601,0.0,On Schedule,1,1.04,69.0,69.28571428571429
695,2025-10-07,Control Valve,Bosch India,2,0.9434996842276947,41.98537691561193,37.665308189456724,53.55505146875817,13.4682132798969,71,77,4,306,1.72,0,0,35.3811056730676,0.0,On Schedule,0,0.92,76.0,70.14285714285714
696,2025-10-08,Control Valve,ABB Group,3,0.9185571427006015,106.81952481270925,99.62388471312265,186.06449771278085,49.8944137896637,74,58,7,713,3.26,16,0,97.24073608353777,0.0,On Schedule,1,1.28,71.0,70.14285714285714
697,2025-10-09,Hydraulic Pump,ABB Group,4,0.806362030078268,69.22934732405223,68.73330806502199,118.97328910808677,21.820028871495587,79,102,5,741,3.55,0,0,66.19823180583649,0.0,On Schedule,0,0.77,74.0,71.57142857142857
698,2025-10-10,Industrial Motor,SKF Bearings,2,0.9160513350667256,107.32923678062522,106.59761075086708,158.71307225396862,45.19044381834505,71,110,6,302,3.96,0,0,107.15716757191935,0.5595568210522686,Minor Delay,0,0.65,79.0,72.0
699,2025-10-11,Industrial Motor,SKF Bearings,1,0.7380237466421039,84.36963929689159,78.35055164643758,138.9248132969915,28.920449825577574,67,70,9,606,1.72,0,1,91.92995126078773,13.579399614350152,Moderate Delay,0,0.96,71.0,72.42857142857143
700,2025-10-12,Bearing Unit,Siemens India,2,0.6,112.13049835890881,107.44539981390636,176.23180893061092,26.549692800649325,72,105,5,542,4.84,0,1,129.74120425390427,22.29580443999791,Critical Delay,0,0.69,67.0,72.85714285714286
701,2025-10-13,Hydraulic Pump,Siemens India,5,0.923334316376995,114.09543891317013,104.1561321293046,191.89088743160477,54.581005774438,67,86,5,355,3.55,0,0,102.29221847108374,0.0,On Schedule,0,0.78,72.0,71.57142857142857
702,2025-10-14,Control Valve,Mahindra Industrial,1,0.8103321738923466,40.72785450246208,37.29707256191426,59.425322593892254,13.693884896035616,67,108,9,372,4.39,0,1,56.19051263479825,18.89344007288399,Critical Delay,0,0.62,67.0,71.0
703,2025-10-15,Industrial Motor,Mahindra Industrial,3,0.84140814458837,46.03297407942306,40.689374613840975,76.94342984727422,19.349781682534626,62,87,9,309,3.16,0,1,45.85139344678743,5.162018832946451,Moderate Delay,0,0.71,67.0,69.28571428571429
704,2025-10-16,Hydraulic Pump,Tata Steel Ltd,4,0.7242662981007058,60.02869836566844,61.97644434811542,88.69084650605265,18.618029519414073,74,59,4,360,2.66,15,0,61.14390111236148,0.0,On Schedule,1,1.25,62.0,68.57142857142857
705,2025-10-17,Cooling Fan,Larsen & Toubro,2,0.9072551150379582,93.54523330908013,85.67060801650626,165.0679984666661,19.238911519264313,67,47,6,793,4.91,20,0,87.84271431328636,2.1721062967801004,Minor Delay,1,1.43,74.0,68.0
706,2025-10-18,Industrial Motor,Siemens India,1,0.850008926925497,111.06177572092048,102.03031642397896,165.68454037235784,25.561879189237008,70,111,4,349,3.33,0,0,101.57634526275662,0.0,On Schedule,0,0.63,67.0,68.42857142857143
707,2025-10-19,Conveyor Belt,SKF Bearings,5,0.8899322095928471,76.79535610351702,71.23016894089118,113.47063436132075,26.791276710582586,64,100,9,421,4.47,0,0,73.724317041201,2.494148100309829,Minor Delay,0,0.64,70.0,67.28571428571429
708,2025-10-20,Cooling Fan,Bosch India,1,0.7632016736270019,88.55784930194123,79.84901480392759,147.9839845268511,36.04209772902039,71,50,4,474,4.81,21,1,97.18326141927028,17.334246615342693,Critical Delay,1,1.42,64.0,67.85714285714286
709,2025-10-21,Industrial Motor,SKF Bearings,5,0.6586452101556012,55.07998822364489,54.45619028997277,93.24747962057164,16.547162998536365,65,48,8,773,3.7,17,1,61.33068761116709,6.874497321194326,Moderate Delay,1,1.35,71.0,67.57142857142857
710,2025-10-22,Control Valve,Larsen & Toubro,3,0.6,104.39734671053483,93.20326834434543,160.0091314416446,42.66161428389041,68,70,6,300,3.2,0,1,113.82193194015531,20.618663595809878,Critical Delay,0,0.97,65.0,68.42857142857143
711,2025-10-23,Gear Assembly,Mahindra Industrial,4,0.674617682137931,117.38624890827758,105.97799734082703,153.5269732227913,48.08031314082776,73,85,9,777,1.01,0,1,130.80815110639708,24.830153765570046,Critical Delay,0,0.86,68.0,68.28571428571429
712,2025-10-24,Cooling Fan,SKF Bearings,3,0.891326783633225,61.4879146331678,60.848971793022166,91.0423844642501,25.282648219732113,73,90,6,740,1.16,0,0,60.836600113395804,0.0,On Schedule,0,0.81,73.0,69.14285714285714
713,2025-10-25,Bearing Unit,Tata Steel Ltd,2,0.9890048092095226,79.58607612804371,74.63123051256535,141.73034650207376,27.67657975624917,69,64,5,337,1.8,5,0,74.02425020160389,0.0,On Schedule,1,1.08,73.0,69.0
714,2025-10-26,Bearing Unit,Larsen & Toubro,1,0.632192367703596,46.889288840509906,46.905753101783276,77.45133886761008,22.247366052870774,60,96,7,489,1.74,0,1,62.529728986613506,15.62397588483023,Critical Delay,0,0.62,69.0,68.42857142857143
715,2025-10-27,Control Valve,Mahindra Industrial,5,0.9470863343755868,84.73093251703747,82.59251074706833,142.91545733022127,29.381209649183067,84,104,10,378,2.02,0,0,84.09484430961254,1.5023335625442087,Minor Delay,0,0.81,60.0,70.28571428571429
716,2025-10-28,Industrial Motor,Bosch India,5,0.9097133677563339,80.22267534773445,74.0875338922785,97.84722001822334,26.880978601026584,78,122,6,644,2.22,0,0,71.52658448488651,0.0,On Schedule,0,0.64,84.0,72.14285714285714
717,2025-10-29,Hydraulic Pump,Mahindra Industrial,1,0.6,51.55491873240621,51.07240344088095,76.33817642346226,13.394702322749282,73,85,7,753,2.44,0,1,69.72799344476356,18.655590003882608,Critical Delay,0,0.86,78.0,72.85714285714286
718,2025-10-30,Industrial Motor,ABB Group,1,0.9112330360993597,75.365297049446,67.81117148074438,119.67803274926591,22.029014524104266,66,89,8,637,2.68,0,0,65.34804177863889,0.0,On Schedule,0,0.74,73.0,71.85714285714286
719,2025-10-31,Control Valve,Tata Steel Ltd,2,0.8795342393697444,66.72837216692506,64.80591209187646,113.30608449461751,14.193147965062787,69,82,5,748,1.4,0,0,65.71775437541423,0.9118422835377658,Minor Delay,0,0.84,66.0,71.28571428571429
720,2025-11-01,Bearing Unit,Larsen & Toubro,3,0.8422114190780301,81.74647002441515,78.01189708058529,100.51253237665665,31.886076171584026,67,71,5,489,1.17,0,0,77.93354136002077,0.0,On Schedule,0,0.94,69.0,71.0
721,2025-11-02,Industrial Motor,Bosch India,5,0.7783393399787121,86.85234683430394,80.38519159903083,148.64460685165406,23.846243156544073,76,71,5,483,3.7,5,0,82.1276831009461,1.7424915019152678,Minor Delay,1,1.07,67.0,73.28571428571429
722,2025-11-03,Bearing Unit,Tata Steel Ltd,2,0.6667060179510202,40.67964628857676,39.97510937692538,62.20082922488319,11.847807708499584,72,47,6,366,3.15,25,1,49.721392594820415,9.746283217895034,Moderate Delay,1,1.53,76.0,71.57142857142857
723,2025-11-04,Cooling Fan,Mahindra Industrial,3,0.9766529832051916,100.88047863596444,103.71791467361865,132.99965103912263,43.5041370927075,67,73,9,316,2.78,0,0,106.21553969767984,2.4976250240611932,Minor Delay,0,0.92,72.0,70.0
724,2025-11-05,Hydraulic Pump,Tata Steel Ltd,2,0.8578055886732232,97.04114334893927,101.875131354545,134.92145738134357,28.934403992381906,68,50,5,682,3.54,18,0,101.2053326205743,0.0,On Schedule,1,1.36,67.0,69.28571428571429
725,2025-11-06,Cooling Fan,Larsen & Toubro,5,0.6676932642058695,69.30291089652178,68.14691552037549,94.88661623830698,18.896046276411475,77,120,8,667,4.31,0,1,81.89887039545135,13.751954875075867,Moderate Delay,0,0.64,68.0,70.85714285714286
726,2025-11-07,Bearing Unit,Siemens India,1,0.880069545484197,44.23487484550546,41.970049193077394,67.17133958002053,11.09044948147879,79,83,4,691,2.71,0,0,42.54850935258527,0.5784601595078769,Minor Delay,0,0.95,77.0,72.28571428571429
727,2025-11-08,Bearing Unit,Tata Steel Ltd,1,0.694614020722302,100.39460318280403,92.190878969094,123.58690181431173,43.416401179536514,79,61,5,615,3.56,18,1,114.31278561382167,22.121906644727673,Critical Delay,1,1.3,79.0,74.0
728,2025-11-09,Gear Assembly,ABB Group,3,0.8113999233725843,116.4140128382506,107.53236116441664,150.77031364046292,27.81269036250585,76,69,5,796,4.81,7,0,107.5365409311885,0.004179766771855498,Minor Delay,1,1.1,79.0,74.0
729,2025-11-10,Gear Assembly,Tata Steel Ltd,4,0.7145836611212941,59.21212768176113,56.93289575520598,99.92732376838087,19.902743212759177,71,104,6,595,4.36,0,0,59.82255968906058,2.8896639338545995,Minor Delay,0,0.68,76.0,73.85714285714286
730,2025-11-11,Cooling Fan,Mahindra Industrial,3,0.600616133925149,65.88196909896303,62.089619095394816,84.30009013122397,23.195660092612044,56,85,9,508,2.7,0,1,70.43807805031985,8.348458954925029,Moderate Delay,0,0.66,71.0,72.28571428571429
731,2025-11-12,Conveyor Belt,Mahindra Industrial,4,0.7236037514682631,54.7050311585452,56.63877024818566,73.30680750605127,22.222112209171545,74,78,8,644,3.58,0,1,66.9494823604609,10.310712112275247,Moderate Delay,0,0.95,56.0,73.14285714285714
732,2025-11-13,Cooling Fan,Bosch India,2,0.6,86.15488986758717,81.21048051076028,126.82192459812109,33.599118576125825,73,83,5,745,1.71,0,1,95.11915401648088,13.9086735057206,Moderate Delay,0,0.88,74.0,72.57142857142857
733,2025-11-14,Gear Assembly,Mahindra Industrial,2,0.866848663733721,52.387311571796396,49.4266730688743,79.11911773768193,23.218905261741874,74,103,8,340,3.24,0,0,51.41317951301387,1.9865064441395717,Minor Delay,0,0.72,73.0,71.85714285714286
734,2025-11-15,Bearing Unit,SKF Bearings,5,0.9356958600378181,68.49551547691036,64.74202062218075,113.57695462713797,14.618684855914646,74,92,9,695,4.93,0,0,67.21244687184486,2.470426249664115,Minor Delay,0,0.8,74.0,71.14285714285714
735,2025-11-16,Control Valve,Larsen & Toubro,4,0.8721150177850456,95.76104111474103,97.88937198258701,140.61546067885186,27.66844995305325,68,69,7,776,3.07,0,0,96.41541250805264,0.0,On Schedule,0,0.99,74.0,70.0
736,2025-11-17,Cooling Fan,Larsen & Toubro,5,0.6,84.80927864074786,84.01495617046251,141.96384360922048,24.089247488950036,78,106,8,772,4.71,0,1,103.25993400734279,19.24497783688028,Critical Delay,0,0.74,68.0,71.0
737,2025-11-18,Bearing Unit,Siemens India,1,0.9101100105608803,70.91700514623483,69.8113171668694,111.4111671188206,17.289925522840814,78,100,6,414,2.63,0,0,71.44647570584496,1.6351585389755598,Minor Delay,0,0.78,78.0,74.14285714285714
738,2025-11-19,Control Valve,Siemens India,4,0.8901492278288197,73.61996814460335,68.96750374006999,93.33980130165087,21.110781780027676,79,83,5,399,5.0,0,0,67.56034309005588,0.0,On Schedule,0,0.95,78.0,74.85714285714286
739,2025-11-20,Control Valve,Larsen & Toubro,3,0.7697825084119521,84.96887060985836,86.58699314600688,109.93262818846252,24.889896791020817,81,94,6,672,3.32,0,0,84.83944834657721,0.0,On Schedule,0,0.86,79.0,76.0
740,2025-11-21,Gear Assembly,ABB Group,1,0.616735182493607,40.4691782309729,35.876811013537626,59.1748513140712,14.429906237910131,79,66,5,737,1.17,13,1,48.3944901094511,12.517679095913472,Moderate Delay,1,1.2,81.0,76.71428571428571
741,2025-11-22,Cooling Fan,Siemens India,1,0.8169755038935071,46.28078947628879,47.578295442753856,66.55796003970207,18.471188074354558,75,65,7,644,3.35,10,0,50.24389240068716,2.665596957933303,Minor Delay,1,1.15,79.0,76.85714285714286
742,2025-11-23,Industrial Motor,Bosch India,3,0.9221620645805544,110.50064542104093,106.87263109787257,181.89804752167166,34.733684901526885,77,95,7,648,2.1,0,0,103.98845759817976,0.0,On Schedule,0,0.81,75.0,78.14285714285714
743,2025-11-24,Hydraulic Pump,Mahindra Industrial,1,0.7164274786315199,46.23031912730326,43.81259085857091,71.58498093390925,19.224465344324344,78,79,7,438,1.13,0,1,67.36723645423098,23.55464559566007,Critical Delay,0,0.99,77.0,78.14285714285714
744,2025-11-25,Gear Assembly,Larsen & Toubro,4,0.7677985064706411,96.54428769684041,93.11874554034046,138.33636433837384,29.0453104878279,79,98,6,615,4.28,0,0,95.91107776232103,2.7923322219805726,Minor Delay,0,0.81,78.0,78.28571428571429
745,2025-11-26,Gear Assembly,Siemens India,5,0.9239685469008385,113.60305312872421,112.8601618888863,147.96299748632313,32.61374423066189,84,93,5,623,2.1,0,0,110.75573327081914,0.0,On Schedule,0,0.9,79.0,79.0
746,2025-11-27,Industrial Motor,Larsen & Toubro,1,0.9558244562310048,61.65468834413849,54.38992396974384,82.37696852222571,22.34097194465821,82,84,8,633,4.19,0,0,56.30655246050345,1.9166284907596065,Minor Delay,0,0.98,84.0,79.14285714285714
747,2025-11-28,Hydraulic Pump,SKF Bearings,4,0.61461499405788,69.63931496476114,71.6006237897929,107.61367597033794,14.423340318498042,90,71,8,601,2.15,19,1,78.48976481516729,6.889141025374386,Moderate Delay,1,1.27,82.0,80.71428571428571
748,2025-11-29,Bearing Unit,Tata Steel Ltd,2,0.8984764286298538,85.5137124675773,81.7464673750827,124.34234948698202,19.14966174645883,91,127,4,593,1.78,0,0,80.40200269349133,0.0,On Schedule,0,0.72,90.0,83.0
749,2025-11-30,Conveyor Belt,Mahindra Industrial,4,0.8675783374294394,110.53671757108677,103.7170783277088,166.79509905521337,35.967637932039345,81,106,7,744,4.9,0,0,102.82129229229317,0.0,On Schedule,0,0.76,91.0,83.57142857142857
750,2025-12-01,Cooling Fan,Larsen & Toubro,5,0.6524698680304648,115.35244698083362,104.22113727075703,150.2357722609157,55.700675960678225,62,82,5,316,2.45,0,1,116.63722122165397,12.416083950896947,Moderate Delay,0,0.76,81.0,81.28571428571429
751,2025-12-02,Conveyor Belt,Tata Steel Ltd,4,0.6845536833790719,99.16505984890145,94.67378639249499,158.44035473145763,41.297639618738444,88,82,3,621,3.41,6,0,92.9743326604269,0.0,On Schedule,1,1.07,62.0,82.57142857142857
752,2025-12-03,Bearing Unit,Siemens India,3,0.8991509128042938,46.929580868375524,45.25770850157757,80.32106851150452,10.626639064683788,79,91,7,755,3.44,0,0,45.77079275646405,0.5130842548864791,Minor Delay,0,0.87,88.0,81.85714285714286
753,2025-12-04,Gear Assembly,Tata Steel Ltd,5,0.8598035516806402,93.53233244278806,88.72663540884889,126.71420915069837,42.45389580567974,79,114,6,591,3.24,0,0,87.81520869389614,0.0,On Schedule,0,0.69,79.0,81.42857142857143
754,2025-12-05,Hydraulic Pump,Mahindra Industrial,2,0.7798827328159318,72.82429774981296,72.48728262627561,108.86566429792299,30.563646358318884,81,87,10,373,4.66,0,1,91.66636509484405,19.17908246856844,Critical Delay,0,0.93,79.0,80.14285714285714
755,2025-12-06,Gear Assembly,Larsen & Toubro,3,0.8846307697205129,77.65607995928492,73.89383002779576,138.64067291009079,29.76432966710075,81,81,8,562,3.7,0,0,74.83818826476374,0.9443582369679859,Minor Delay,0,1.0,81.0,78.71428571428571
756,2025-12-07,Control Valve,SKF Bearings,4,0.8941080742805557,43.93187122761417,45.84031512870693,61.50220541326135,19.59747565984306,87,119,6,783,2.61,0,0,42.93419903635933,0.0,On Schedule,0,0.73,81.0,79.57142857142857
757,2025-12-08,Gear Assembly,ABB Group,5,0.8415003196973625,55.28497114770865,54.28305145798273,86.08023738364616,17.759354611434027,77,90,5,315,4.45,0,0,51.66930075907297,0.0,On Schedule,0,0.86,87.0,81.71428571428571
758,2025-12-09,Gear Assembly,Siemens India,2,0.8440089041263866,103.24108860269182,105.02419115725955,129.47644768880335,27.50862060557595,79,73,7,313,1.72,6,0,102.62215807364704,0.0,On Schedule,1,1.08,77.0,80.42857142857143
759,2025-12-10,Bearing Unit,Larsen & Toubro,3,0.8150224871026327,76.31670664382878,68.57746785072342,119.32948947218425,26.986122963183416,87,111,8,635,3.18,0,1,78.09720316395327,9.519735313229845,Moderate Delay,0,0.78,79.0,81.57142857142857
760,2025-12-11,Bearing Unit,Mahindra Industrial,2,0.8473071571302304,64.1329793304919,60.768532438209185,80.40858679541051,23.386252956254527,89,115,7,580,4.8,0,0,60.282494550070574,0.0,On Schedule,0,0.77,87.0,83.0
761,2025-12-12,Bearing Unit,Siemens India,4,0.8405235964513812,70.72152591719666,66.28474799330036,125.56898732060425,25.565683924442165,89,85,7,660,3.5,4,0,68.17352502926022,1.888777035959862,Minor Delay,1,1.05,89.0,84.14285714285714
762,2025-12-13,Conveyor Belt,Bosch India,2,0.9225832371673317,108.35196106605441,105.83949644114843,176.5484243675263,40.03844824938092,83,110,7,303,4.27,0,0,108.16856390341873,2.3290674622703023,Minor Delay,0,0.75,89.0,84.42857142857143
763,2025-12-14,Control Valve,Tata Steel Ltd,1,0.6422282991411518,99.91992139239656,102.55673801516845,167.1556241159765,48.422340534991,82,122,6,712,3.61,0,1,120.6850006997619,18.12826268459345,Critical Delay,0,0.67,83.0,83.71428571428571
764,2025-12-15,Bearing Unit,ABB Group,3,0.9359095939761366,61.78523177448662,55.1938286015566,100.24422880360534,29.08068283705235,85,102,8,426,4.36,0,0,53.66269304192201,0.0,On Schedule,0,0.83,82.0,84.85714285714286
765,2025-12-16,Hydraulic Pump,Mahindra Industrial,2,0.6,49.400147216989865,44.08161452125193,76.7597973805744,22.858194601329284,89,86,8,611,4.78,3,1,52.36595368579885,8.284339164546921,Moderate Delay,1,1.03,85.0,86.28571428571429
766,2025-12-17,Conveyor Belt,Bosch India,4,0.8719293327428467,60.15985773152573,61.637023503133534,88.43184261885033,26.495907944679967,96,134,7,305,2.09,0,0,62.08324184856762,0.4462183454340831,Minor Delay,0,0.72,89.0,87.57142857142857
767,2025-12-18,Industrial Motor,Larsen & Toubro,4,0.8896835807905727,113.6605160843787,104.13400476096635,194.9305161032953,54.90126088496002,78,61,5,428,1.68,17,0,105.74419471712196,1.6101899561556081,Minor Delay,1,1.28,96.0,86.0
768,2025-12-19,Hydraulic Pump,SKF Bearings,2,0.9106602352999102,86.52710702798043,85.98095253654796,153.50786176178914,19.86215832627898,88,69,6,722,2.94,19,0,84.71392911606561,0.0,On Schedule,1,1.28,78.0,85.85714285714286
769,2025-12-20,Cooling Fan,Siemens India,4,0.9223006669739099,82.67841669958263,80.38733845118375,123.9698124304163,23.111674785885494,83,98,4,684,3.81,0,0,79.84138487160139,0.0,On Schedule,0,0.85,88.0,85.85714285714286
770,2025-12-21,Cooling Fan,Tata Steel Ltd,5,0.6,87.71148797539692,89.60534662891448,154.27758072806182,30.56892568240865,81,109,3,670,1.91,0,0,89.74919184502876,0.14384521611428625,Minor Delay,0,0.74,83.0,85.71428571428571
771,2025-12-22,Hydraulic Pump,Siemens India,5,0.8536402109485559,69.28226125972122,62.44168513899118,107.38748735439621,31.451399427326677,95,134,7,531,1.02,0,0,60.25093421743947,0.0,On Schedule,0,0.71,81.0,87.14285714285714
772,2025-12-23,Bearing Unit,ABB Group,5,0.6492000317495699,104.56856162556102,94.3274412988429,159.26110996609756,36.76104787605777,93,69,6,746,2.37,24,1,100.44704699607662,6.119605697233723,Moderate Delay,1,1.35,95.0,87.71428571428571
773,2025-12-24,Industrial Motor,Larsen & Toubro,1,0.819102183759267,81.86289994401999,79.78842212219517,120.55864462934944,34.74346789521546,93,71,7,612,4.88,22,1,87.20873645716814,7.420314334972971,Moderate Delay,1,1.31,93.0,87.28571428571429
774,2025-12-25,Industrial Motor,Siemens India,2,0.6,49.33983222150364,51.35706023062468,65.40353248975048,11.924843967449998,96,102,6,494,3.78,0,1,74.95675589330737,23.59969566268269,Critical Delay,0,0.94,93.0,89.85714285714286
775,2025-12-26,Conveyor Belt,Tata Steel Ltd,1,0.8893742461930239,50.325209986325035,47.83660917472264,60.50256761063808,13.875875439713317,89,65,5,364,2.61,24,0,44.99250293707732,0.0,On Schedule,1,1.37,96.0,90.0
776,2025-12-27,Industrial Motor,Larsen & Toubro,4,0.7794986708893495,82.94873172020947,77.60518744933597,111.55805919639744,34.79971604000461,89,127,7,620,1.77,0,0,75.52202230524567,0.0,On Schedule,0,0.7,89.0,90.85714285714286
777,2025-12-28,Cooling Fan,Siemens India,1,0.7680173950816155,114.92561744566713,112.98764801344294,173.05889106854264,28.66477079484994,103,91,4,402,2.42,12,0,113.74876974096414,0.7611217275211999,Minor Delay,1,1.13,89.0,94.0
778,2025-12-29,Control Valve,SKF Bearings,4,0.6634915169732462,64.6681697340959,67.13695873091706,92.34459249185066,19.750097512623196,91,85,9,576,1.68,6,1,83.17197638970808,16.03501765879102,Critical Delay,1,1.07,103.0,93.42857142857143
779,2025-12-30,Bearing Unit,Mahindra Industrial,4,0.8415384262184676,109.56329350873746,112.00411515293877,160.9584634124763,30.618544565364264,96,119,10,792,1.43,0,1,132.93103066253175,20.926915509592988,Critical Delay,0,0.81,91.0,93.85714285714286
780,2025-12-31,Industrial Motor,Larsen & Toubro,3,0.6186158697304662,101.12764692631035,106.10638486336991,180.85556445576526,30.839736351173535,92,74,7,457,4.63,18,1,117.75947488147094,11.653090018101025,Moderate Delay,1,1.24,96.0,93.71428571428571
781,2026-01-01,Conveyor Belt,Mahindra Industrial,5,0.8613136064110167,59.82499543255255,52.87552409643648,84.36302030432819,24.677643986767517,83,120,9,523,4.99,0,1,69.72869705414541,16.853172957708935,Critical Delay,0,0.69,92.0,91.85714285714286
782,2026-01-02,Cooling Fan,Larsen & Toubro,4,0.7409125620971367,42.907259865299395,38.581602417791494,63.12987036982672,13.316446350663485,82,102,6,588,1.66,0,1,53.480645091891326,14.899042674099832,Moderate Delay,0,0.8,83.0,90.85714285714286
783,2026-01-03,Control Valve,SKF Bearings,3,0.6164514791925814,48.14778121139062,47.35861595543894,61.634423986581,17.6499653337692,90,85,7,731,1.22,5,1,71.27337514348483,23.914759188045885,Critical Delay,1,1.06,82.0,91.0
784,2026-01-04,Gear Assembly,Mahindra Industrial,5,0.9242414778445472,98.27951470779522,100.19576816338461,120.76337525159032,22.602279855782974,98,104,8,577,2.32,0,0,97.6374777325867,0.0,On Schedule,0,0.94,90.0,90.28571428571429
785,2026-01-05,Gear Assembly,Bosch India,4,0.6938205491363164,55.97357904325173,51.97099450398871,93.20976230546155,24.71263225369573,97,79,4,777,2.85,18,1,71.92248722507092,19.95149272108221,Critical Delay,1,1.23,98.0,91.14285714285714
786,2026-01-06,Control Valve,Tata Steel Ltd,4,0.8846431635689911,69.7016736404315,64.17195304576644,107.50855182108917,21.6748916085563,98,88,6,481,1.82,10,0,62.310131234867214,0.0,On Schedule,1,1.11,97.0,91.42857142857143
787,2026-01-07,Cooling Fan,Bosch India,1,0.835210002683445,80.135933280514,81.24067811279279,132.73899368659676,31.618453685631856,88,102,4,665,2.21,0,0,80.26780142696461,0.0,On Schedule,0,0.86,98.0,90.85714285714286
788,2026-01-08,Conveyor Belt,Siemens India,1,0.7544410056943038,98.03745347601303,87.21263973247615,126.46024447539087,40.94209549267427,101,102,4,303,1.8,0,0,84.67986011831435,0.0,On Schedule,0,0.99,88.0,93.42857142857143
789,2026-01-09,Control Valve,SKF Bearings,5,0.6053904711611126,49.05849786073003,46.252108947900005,75.70203376153799,12.897394541814668,88,80,9,514,4.1,8,1,65.86296157783158,19.61085262993158,Critical Delay,1,1.1,101.0,94.28571428571429
790,2026-01-10,Bearing Unit,Bosch India,4,0.7523565476814955,72.50931242219693,70.04309435251918,98.04603975597104,33.74601494726483,94,103,5,738,3.85,0,0,68.19328997948898,0.0,On Schedule,0,0.91,88.0,94.85714285714286
791,2026-01-11,Bearing Unit,Larsen & Toubro,2,0.6857178056412337,78.80583273141563,76.8561192670065,105.35056011472619,30.329786135436922,93,119,8,727,3.54,0,1,82.7831846556921,5.927065388685591,Moderate Delay,0,0.78,94.0,94.14285714285714
792,2026-01-12,Gear Assembly,Siemens India,1,0.7598627159755862,83.26616511772318,83.58795359556952,100.49523433483886,27.362722556504075,92,81,6,516,2.55,11,1,99.58134697564334,15.993393380073826,Critical Delay,1,1.14,93.0,93.42857142857143
793,2026-01-13,Industrial Motor,Siemens India,5,0.8004176114315922,105.46885131161733,99.17486819754538,134.81075341031382,26.862974972029775,100,137,5,695,4.64,0,0,101.64248693144644,2.4676187339010625,Minor Delay,0,0.73,92.0,93.71428571428571
794,2026-01-14,Conveyor Belt,Bosch India,4,0.780326348730141,53.734255603457356,52.88290825180943,74.45208177614273,25.937002956459782,90,117,7,508,4.88,0,0,49.99870304517134,0.0,On Schedule,0,0.77,100.0,94.0
795,2026-01-15,Gear Assembly,Bosch India,4,0.6858697364768988,104.62651614612979,102.48311869970576,132.88898989462024,44.62534992452797,86,126,4,762,1.69,0,0,103.40371024475193,0.9205915450461788,Minor Delay,0,0.68,90.0,91.85714285714286
796,2026-01-16,Industrial Motor,SKF Bearings,2,0.9129463149620426,95.43027421573217,92.86269760040162,170.9647738426645,25.04160716271895,93,98,9,373,1.89,0,0,92.16915118589273,0.0,On Schedule,0,0.95,86.0,92.57142857142857
797,2026-01-17,Industrial Motor,Tata Steel Ltd,5,0.6,84.46966513591676,83.53054490007497,117.00565604559762,25.451827843307232,91,126,4,526,3.1,0,0,84.5664373366692,1.0358924365942244,Minor Delay,0,0.72,93.0,92.14285714285714
798,2026-01-18,Bearing Unit,Bosch India,4,0.9221706040936557,95.96222963220575,88.67930663476749,122.6583814586614,42.5018900510212,110,148,6,674,1.37,0,0,89.21145695694791,0.5321503221804278,Minor Delay,0,0.74,91.0,94.57142857142857
799,2026-01-19,Cooling Fan,ABB Group,1,0.9623389273881239,72.9614191161325,65.25598466414748,96.26889977826877,29.819572689902305,96,104,5,799,2.75,0,0,63.59697719027534,0.0,On Schedule,0,0.92,110.0,95.14285714285714
800,2026-01-20,Hydraulic Pump,Bosch India,2,0.6781556659336869,51.071806877449966,45.978731418217905,79.29520772040583,21.94735762769862,91,120,6,735,3.33,0,1,60.3185604962542,14.339829078036296,Moderate Delay,0,0.76,96.0,93.85714285714286
801,2026-01-21,Cooling Fan,Mahindra Industrial,5,0.864894179207423,93.26121922122938,85.63049347440682,115.4971293367877,30.99632965848437,87,120,9,392,3.09,0,1,109.1873388065307,23.556845332123885,Critical Delay,0,0.72,91.0,93.42857142857143
802,2026-01-22,Hydraulic Pump,Larsen & Toubro,2,0.732716306873866,81.97378453484978,79.10746041519246,140.7867351776348,34.01443814041899,83,60,5,759,2.32,23,1,89.2543001789831,10.146839763790638,Moderate Delay,1,1.38,87.0,93.0
803,2026-01-23,Control Valve,ABB Group,1,0.9046134292445078,91.14998404342204,93.2350643194969,161.96438910423927,28.798665810262964,87,78,8,364,3.17,9,0,95.31832124493724,2.083256925440338,Minor Delay,1,1.12,83.0,92.14285714285714
804,2026-01-24,Bearing Unit,ABB Group,5,0.8519042883487059,67.0399024822792,66.98760251946878,90.37303679031213,17.656894101353405,92,112,8,620,4.84,0,0,66.93924481512492,0.0,On Schedule,0,0.82,87.0,92.28571428571429
805,2026-01-25,Industrial Motor,Mahindra Industrial,2,0.913976697161736,112.54932618718686,114.14042506206056,165.4539429445895,43.8720774270881,99,111,9,309,1.82,0,0,116.07564117554139,1.935216113480834,Minor Delay,0,0.89,92.0,90.71428571428571
806,2026-01-26,Conveyor Belt,Mahindra Industrial,3,0.9544759184444194,86.98958948604616,81.74114707336035,105.54278746838835,42.86883311336028,97,106,10,701,3.62,0,0,81.17722229048967,0.0,On Schedule,0,0.92,99.0,90.85714285714286
807,2026-01-27,Hydraulic Pump,Siemens India,1,0.6572171846119779,46.832198743269906,44.43397505076328,74.2021596406861,13.730277675325613,92,67,5,602,1.17,25,1,54.83064411658516,10.396669065821882,Moderate Delay,1,1.37,97.0,91.0
808,2026-01-28,Cooling Fan,Tata Steel Ltd,1,0.9396845015843049,75.9843192563543,71.95152146438603,110.05231695378045,25.70480204991558,89,92,5,621,1.27,0,0,74.85963478787747,2.9081133234914347,Minor Delay,0,0.97,92.0,91.28571428571429
809,2026-01-29,Industrial Motor,Larsen & Toubro,1,0.8756623321942394,100.50848437949074,91.72589635673755,136.89608152841936,40.424553758677064,92,70,7,604,3.21,22,1,104.95282133436756,13.226924977630006,Moderate Delay,1,1.31,89.0,92.57142857142857
810,2026-01-30,Hydraulic Pump,SKF Bearings,3,0.9280969079125021,103.5307649385818,92.18450041153189,137.08532049419227,37.52492086987296,88,123,8,755,1.42,0,0,93.80743656253966,1.622936151007778,Minor Delay,0,0.72,92.0,92.71428571428571
811,2026-01-31,Hydraulic Pump,ABB Group,3,0.9431383075676624,79.5677642211007,78.01267081381887,126.70480948830738,36.04645204017024,99,90,6,577,1.09,9,0,80.80837204449432,2.795701230675448,Minor Delay,1,1.1,88.0,93.71428571428571
812,2026-02-01,Hydraulic Pump,SKF Bearings,4,0.8941058489464259,111.57980566650409,116.95425188720617,161.76061606240987,47.81449208002445,89,91,8,385,1.69,0,0,117.04021076066532,0.08595887345914832,Minor Delay,0,0.98,99.0,92.28571428571429
813,2026-02-02,Conveyor Belt,Bosch India,2,0.673731956172569,61.41347497554381,55.785608603202405,80.31627072123005,13.356765156272274,89,113,7,325,3.26,0,1,65.65300287132993,9.867394268127526,Moderate Delay,0,0.79,89.0,91.14285714285714
814,2026-02-03,Bearing Unit,Bosch India,4,0.6598640264726803,72.84789577906133,64.68429973763669,117.5375628640077,36.389444953556534,78,60,7,517,3.81,18,1,72.26797809381168,7.583678356174985,Moderate Delay,1,1.3,89.0,89.14285714285714
815,2026-02-04,Conveyor Belt,SKF Bearings,2,0.9120049642358654,111.88775284551761,113.28863068975387,172.20010418117832,47.63293650374094,88,96,9,692,1.81,0,0,113.13077748349808,0.0,On Schedule,0,0.92,78.0,89.0
816,2026-02-05,Gear Assembly,Bosch India,3,0.8770093484191768,111.70053731772632,103.09285159275498,191.58912273047616,51.2896468497307,93,126,7,704,3.67,0,0,104.62557444870653,1.5327228559515476,Minor Delay,0,0.74,88.0,89.14285714285714
817,2026-02-06,Industrial Motor,Tata Steel Ltd,3,0.9361433627205218,94.85702150597447,96.85276077398996,120.51447412686608,37.502606915455786,83,75,5,394,1.73,8,0,99.13450835207054,2.2817475780805836,Minor Delay,1,1.11,93.0,88.42857142857143
818,2026-02-07,Bearing Unit,Mahindra Industrial,4,0.8432764396471386,108.71844376977761,108.68248333932533,181.71200269490748,49.67188471729015,84,117,8,543,3.45,0,0,111.46735811451867,2.7848747751933445,Minor Delay,0,0.72,83.0,86.28571428571429
819,2026-02-08,Bearing Unit,Bosch India,5,0.8665198157821885,47.10186135649862,49.02194524493382,75.55657021616292,11.008406462476602,91,92,4,746,2.65,0,0,47.96925668112882,0.0,On Schedule,0,0.99,84.0,86.57142857142857
820,2026-02-09,Bearing Unit,Siemens India,4,0.8148465793576234,109.19959809662211,103.68694359024397,138.5750065629531,33.23176918514439,80,70,7,406,3.62,10,1,125.83524052325998,22.148296933016013,Critical Delay,1,1.14,91.0,85.28571428571429
821,2026-02-10,Cooling Fan,Bosch India,2,0.8195330625201716,65.64959252401815,65.15950995906702,106.14832970481339,30.39092185294876,92,76,4,689,4.98,16,0,66.95173740212286,1.792227443055836,Minor Delay,1,1.21,80.0,87.28571428571429
822,2026-02-11,Bearing Unit,Larsen & Toubro,4,0.8374251964155545,54.266520994257306,52.04296726773475,79.4965663262816,14.13624222559632,84,80,5,547,4.75,4,0,50.306840853547975,0.0,On Schedule,1,1.05,92.0,86.71428571428571
823,2026-02-12,Conveyor Belt,Tata Steel Ltd,1,0.9122727639367312,59.149586907363705,58.39247684070306,104.51678010845953,13.218313724404814,84,74,5,313,1.02,10,0,58.665922921175735,0.2734460804726737,Minor Delay,1,1.14,84.0,85.42857142857143
824,2026-02-13,Bearing Unit,Larsen & Toubro,2,0.7497144354118156,73.43748064111097,70.23794282673299,94.36472526107129,32.05073694675817,80,66,8,460,4.54,14,1,86.40347331481131,16.165530488078318,Critical Delay,1,1.21,84.0,85.0
825,2026-02-14,Control Valve,Larsen & Toubro,2,0.7014827127413406,60.095360368357376,54.81102400456558,95.29321500875979,27.081724555518697,87,112,8,370,1.27,0,1,77.03827838369692,22.227254379131338,Critical Delay,0,0.78,80.0,85.42857142857143
826,2026-02-15,Industrial Motor,Siemens India,5,0.6595050708501539,65.64540688131993,63.43595058523874,93.81962956056002,16.33229268923156,97,72,7,451,4.81,25,1,85.05864589331266,21.622695308073915,Critical Delay,1,1.35,87.0,86.28571428571429
827,2026-02-16,Bearing Unit,Tata Steel Ltd,3,0.9759337282843935,50.798278885731364,49.26718392490944,90.1206577500584,23.17944742663646,89,90,3,756,2.13,0,0,47.346272815364635,0.0,On Schedule,0,0.99,97.0,87.57142857142857
828,2026-02-17,Industrial Motor,Tata Steel Ltd,2,0.6,63.69414124471988,64.82806601613484,89.04345004636217,25.861753741471286,80,121,6,374,2.53,0,1,75.46891311192826,10.640847095793418,Moderate Delay,0,0.66,89.0,85.85714285714286
829,2026-02-18,Control Valve,Tata Steel Ltd,3,0.6858399622632892,85.78270516336009,86.21492303768522,152.46259230779685,30.540770875153246,90,76,6,675,1.37,14,1,102.1696719241707,15.954748886485476,Critical Delay,1,1.18,80.0,86.71428571428571
830,2026-02-19,Control Valve,Tata Steel Ltd,4,0.8600804875172164,75.34829664728511,74.80914764237382,131.17320997598387,33.83704067460425,82,86,4,514,1.45,0,0,73.89353181287585,0.0,On Schedule,0,0.95,90.0,86.42857142857143
831,2026-02-20,Industrial Motor,Tata Steel Ltd,1,0.7433240059881477,67.7375008988729,60.914695733783354,92.27405186558492,22.067169100553148,90,73,5,667,3.91,17,1,67.57904978858477,6.664354054801414,Moderate Delay,1,1.23,82.0,87.85714285714286
832,2026-02-21,Hydraulic Pump,Siemens India,5,0.7616083648776171,99.71617030856912,99.96593632192273,167.73506957112753,25.746534374995438,87,114,7,350,4.78,0,0,102.55408652516148,2.5881502032387544,Minor Delay,0,0.76,90.0,87.85714285714286
833,2026-02-22,Gear Assembly,Bosch India,3,0.8105937937731879,111.48079771146543,107.58475303411491,200.3714076269235,31.822840627932273,68,103,7,685,3.44,0,0,105.46129723275342,0.0,On Schedule,0,0.66,87.0,83.71428571428571
834,2026-02-23,Cooling Fan,Larsen & Toubro,2,0.860902328515025,100.54313783219176,103.7602086843802,135.8938840300717,35.34586022217693,77,105,7,442,3.86,0,0,104.55461405519138,0.7944053708111767,Minor Delay,0,0.73,68.0,82.0
835,2026-02-24,Hydraulic Pump,Tata Steel Ltd,3,0.9721605176248703,66.56005616941434,68.98138180662251,97.31521515750399,23.921633455342672,87,98,5,718,4.05,0,0,69.53910744418693,0.5577256375644168,Minor Delay,0,0.89,77.0,83.0
836,2026-02-25,Hydraulic Pump,ABB Group,2,0.7345621686370569,99.5553734270043,88.54222156139838,150.5385205994679,43.971044685998386,82,121,5,335,2.05,0,0,86.26665167765229,0.0,On Schedule,0,0.68,87.0,81.85714285714286
837,2026-02-26,Conveyor Belt,Bosch India,3,0.6968444466053293,52.15841459792409,53.175976512186764,71.81998179296568,22.814393955621295,76,92,4,799,1.18,0,0,52.13185077479964,0.0,On Schedule,0,0.83,82.0,81.0
838,2026-02-27,Cooling Fan,Bosch India,2,0.8268563948473958,50.42543904730327,44.69754063033701,60.97236860144656,18.879786977798606,78,101,4,673,1.01,0,0,45.0754296574286,0.3778890270915909,Minor Delay,0,0.77,76.0,79.28571428571429
839,2026-02-28,Cooling Fan,Larsen & Toubro,4,0.8694456422792322,67.65016296289272,63.75478785960534,90.11526310118792,29.376112149199177,71,49,7,775,2.4,22,1,87.0598255402205,23.305037680615165,Critical Delay,1,1.45,78.0,77.0
840,2026-03-01,Hydraulic Pump,Siemens India,2,0.8365319769339505,104.61618952352455,101.70691747549179,143.2365249438111,26.942020442234632,80,118,5,466,1.97,0,0,99.82998912942273,0.0,On Schedule,0,0.68,71.0,78.71428571428571
841,2026-03-02,Bearing Unit,SKF Bearings,2,0.6282543980068701,59.70785977938415,54.04618949785742,87.54126499395079,12.83834568495911,91,116,9,535,1.25,0,1,67.13144379916048,13.08525430130306,Moderate Delay,0,0.78,80.0,80.71428571428571
842,2026-03-03,Conveyor Belt,SKF Bearings,1,0.8544597421419522,45.06027271189437,45.36998765337981,58.698281857666586,20.821908031855177,84,118,8,559,1.72,0,0,47.1737295918567,1.8037419384768896,Minor Delay,0,0.71,91.0,80.28571428571429
843,2026-03-04,Conveyor Belt,Bosch India,2,0.8049898379430905,50.53676281650841,44.54412862806281,87.1229843613759,11.252836422604817,90,95,5,491,1.5,0,0,47.37706768527131,2.832939057208499,Minor Delay,0,0.95,84.0,81.42857142857143
844,2026-03-05,Control Valve,Mahindra Industrial,1,0.7486198104943819,108.69959748236641,98.77117606359971,176.41365081208082,29.784399401492145,84,116,9,501,4.66,0,1,111.64469974138014,12.873523677780426,Moderate Delay,0,0.72,90.0,82.57142857142857
845,2026-03-06,Cooling Fan,Mahindra Industrial,5,0.7989648975110907,90.70266277978301,88.77391247650941,113.4799414466019,37.06071661960865,84,62,8,561,1.56,22,1,99.82901988886847,11.055107412359064,Moderate Delay,1,1.35,84.0,83.42857142857143
846,2026-03-07,Hydraulic Pump,Larsen & Toubro,1,0.6,60.25609306959814,60.34321648364637,95.8105304273563,19.452738524967472,89,85,7,484,3.15,4,1,74.55649137786045,14.21327489421408,Moderate Delay,1,1.05,84.0,86.0
847,2026-03-08,Control Valve,SKF Bearings,4,0.8627118692905456,84.42366602625451,87.44850920151111,134.41884486748526,39.07922458433735,80,57,8,457,3.37,23,1,97.48369693242007,10.035187730908959,Moderate Delay,1,1.4,89.0,86.0
848,2026-03-09,Industrial Motor,Bosch India,1,0.7702587012452782,82.20636979402803,82.20097959050035,145.8121265960902,23.79002511615213,77,98,5,545,3.17,0,0,80.48953599027519,0.0,On Schedule,0,0.79,80.0,84.0
849,2026-03-10,Gear Assembly,Siemens India,5,0.7065920570756198,92.4348782752529,91.8989848447765,111.08939425595865,18.816173600354247,83,95,5,409,1.4,0,0,90.02045663351996,0.0,On Schedule,0,0.87,77.0,83.85714285714286
850,2026-03-11,Conveyor Belt,SKF Bearings,4,0.6236468079629729,58.6550043537293,55.548517712810764,79.11149257814941,17.021488242564978,85,92,7,398,2.28,0,1,68.04556316874685,12.497045455936089,Moderate Delay,0,0.92,83.0,83.14285714285714
851,2026-03-12,Industrial Motor,Bosch India,3,0.7899026250214045,109.15223897555181,96.07780394523371,191.74499713641526,40.75990356943835,76,98,5,540,1.21,0,0,95.80741437601839,0.0,On Schedule,0,0.78,85.0,82.0
852,2026-03-13,Industrial Motor,Bosch India,3,0.6923868885836056,64.74948496640103,58.30218929033583,113.91249652473343,20.252441849220837,74,113,5,790,2.58,0,1,79.30113026203347,20.998940971697635,Critical Delay,0,0.65,76.0,80.57142857142857
853,2026-03-14,Bearing Unit,Tata Steel Ltd,1,0.8147864401324404,95.53053231809895,92.74813607623966,155.93944131592067,34.43511018764452,78,78,4,501,1.75,0,0,94.23472773907986,1.4865916628401976,Minor Delay,0,1.0,74.0,79.0
854,2026-03-15,Gear Assembly,Siemens India,1,0.9610989696065043,41.28997170977719,41.07411106538393,68.51897356919541,19.116407800217985,82,64,5,421,3.25,18,0,39.76371472679544,0.0,On Schedule,1,1.28,78.0,79.28571428571429
855,2026-03-16,Industrial Motor,Tata Steel Ltd,5,0.6572525148168216,69.81257039153178,66.38939535428678,87.60708073389155,33.073392202209845,81,105,4,416,3.77,0,0,63.50867480647046,0.0,On Schedule,0,0.77,82.0,79.85714285714286
856,2026-03-17,Industrial Motor,Larsen & Toubro,5,0.8647835935875634,68.13678543670466,68.42401141967437,102.77245102128077,19.06414241986057,70,82,7,395,3.13,0,0,68.67133518787173,0.24732376819736146,Minor Delay,0,0.85,81.0,78.0
857,2026-03-18,Gear Assembly,Tata Steel Ltd,2,0.8512996935221022,83.47875428664116,80.8672542072388,111.77386092003725,28.269424161531262,87,71,4,533,2.74,16,0,83.60685761384265,2.739603406603848,Minor Delay,1,1.23,70.0,78.28571428571429
858,2026-03-19,Gear Assembly,ABB Group,5,0.8868831349960078,45.818900942175716,40.89840702800918,59.96460808417118,16.712132759636148,74,90,6,789,2.55,0,0,40.246068160450854,0.0,On Schedule,0,0.82,87.0,78.0
859,2026-03-20,Industrial Motor,Tata Steel Ltd,2,0.9744984342354601,103.21050989808867,94.19432488940868,174.03170188247998,50.029616167436835,76,87,5,366,4.37,0,0,93.71513221450728,0.0,On Schedule,0,0.87,74.0,78.28571428571429
860,2026-03-21,Gear Assembly,ABB Group,4,0.7025570425051333,57.422464141405484,58.73167897945867,73.55949050644315,28.687412988492106,73,73,7,675,1.88,0,1,80.41678905116211,21.68511007170344,Critical Delay,0,1.0,76.0,77.57142857142857
861,2026-03-22,Industrial Motor,SKF Bearings,1,0.6604832093828994,94.16302519056082,94.467658295324,139.4734237687259,25.48260264892375,91,77,6,517,3.94,14,1,105.55130784789432,11.083649552570321,Moderate Delay,1,1.18,73.0,78.85714285714286
862,2026-03-23,Industrial Motor,Mahindra Industrial,4,0.9137330969284382,104.25696985952746,107.6046129733243,183.8203577726306,43.58920953252064,79,102,7,314,4.03,0,0,110.41802327600853,2.8134103026842325,Minor Delay,0,0.77,91.0,78.57142857142857
863,2026-03-24,Bearing Unit,Bosch India,5,0.6769591150374029,84.95015649932105,76.45384386017957,111.41206512090508,26.624170669358566,73,61,5,572,2.68,12,1,90.83413247123534,14.38028861105576,Moderate Delay,1,1.2,79.0,79.0
864,2026-03-25,Hydraulic Pump,ABB Group,4,0.7856981404586074,99.27065653775884,104.06918474528052,177.3764174037737,20.09560311602131,82,102,6,518,2.19,0,0,105.2368304150409,1.1676456697603754,Minor Delay,0,0.8,73.0,78.28571428571429
865,2026-03-26,Industrial Motor,Siemens India,4,0.8050667095871694,92.94882497720045,85.10386434061351,166.98932995190327,18.847768321987783,81,90,4,573,2.88,0,0,86.41889587766626,1.3150315370527466,Minor Delay,0,0.9,82.0,79.28571428571429
866,2026-03-27,Control Valve,Tata Steel Ltd,4,0.8403208354776046,68.44238377216061,60.36635899781315,104.9475180452941,23.145147387028445,77,80,3,670,1.37,0,0,60.74257103003956,0.3762120322264053,Minor Delay,0,0.96,81.0,79.42857142857143
867,2026-03-28,Conveyor Belt,ABB Group,5,0.9183444174704014,104.70868312268523,109.89824436695453,136.3396731073235,36.28160832359153,82,68,8,446,1.18,14,0,112.74589963213398,2.847655265179455,Minor Delay,1,1.21,77.0,80.71428571428571
868,2026-03-29,Cooling Fan,Siemens India,4,0.8619985979505372,63.576109590842236,58.98480574445217,88.34936290776945,13.145689969004023,74,92,7,631,1.45,0,0,60.118004651005506,1.1331989065533392,Minor Delay,0,0.8,82.0,78.28571428571429
869,2026-03-30,Hydraulic Pump,Mahindra Industrial,2,0.6172591029920169,85.69703342012137,85.14542791874102,124.66310598523546,34.79969922177579,76,116,8,643,1.75,0,1,107.62182344434207,22.47639552560105,Critical Delay,0,0.66,74.0,77.85714285714286
870,2026-03-31,Hydraulic Pump,Mahindra Industrial,5,0.6365009164765421,99.63181913132317,90.66854149841632,138.04930406210497,28.713991557211184,68,44,10,752,3.02,24,1,96.72200813501026,6.053466636593939,Moderate Delay,1,1.55,76.0,77.14285714285714
871,2026-04-01,Hydraulic Pump,Tata Steel Ltd,4,0.8351852206410687,70.3164727850006,68.81443209568903,96.21974981093464,25.874206967998767,72,105,3,451,4.4,0,0,71.18462860532004,2.3701965096310147,Minor Delay,0,0.69,68.0,75.71428571428571
872,2026-04-02,Bearing Unit,Larsen & Toubro,5,0.8378823039707687,64.221408609394,66.38476762085538,114.52846718193842,18.64191574871375,88,79,6,646,1.94,9,0,67.58104081525471,1.1962731943993248,Minor Delay,1,1.11,72.0,76.71428571428571
873,2026-04-03,Industrial Motor,Tata Steel Ltd,3,0.8118504271949836,76.74768081382581,71.71539666303403,99.15945387013366,19.197687477953277,87,71,5,603,4.74,16,0,73.12609161207641,1.4106949490423801,Minor Delay,1,1.23,88.0,78.14285714285714
874,2026-04-04,Bearing Unit,SKF Bearings,2,0.8109500714087716,105.43707954793229,104.79846570639661,172.91646728517793,33.96677886953004,80,72,8,713,4.82,8,1,127.58136494631232,22.782899239915707,Critical Delay,1,1.11,87.0,77.85714285714286
875,2026-04-05,Industrial Motor,ABB Group,4,0.9254888792171686,114.39374105165318,104.3206411870008,137.30064998830053,30.849933953842857,88,84,5,314,4.84,4,0,103.06310671985428,0.0,On Schedule,1,1.05,80.0,79.85714285714286
876,2026-04-06,Bearing Unit,Bosch India,3,0.6,83.60667302879122,82.45417324913313,130.23491733824332,30.135213729585946,79,111,7,730,4.35,0,1,91.83786016217977,9.383686913046631,Moderate Delay,0,0.71,88.0,80.28571428571429
877,2026-04-07,Bearing Unit,Larsen & Toubro,3,0.9202052114721208,92.91729642589215,87.08177055709706,162.56492427564305,24.125842131144427,79,106,7,678,2.46,0,0,85.90264274517997,0.0,On Schedule,0,0.75,79.0,81.85714285714286
878,2026-04-08,Conveyor Belt,Tata Steel Ltd,5,0.6943127257299285,112.26188977911313,102.8212715074462,154.1086830557808,39.574762669759075,81,56,6,785,1.29,25,1,121.39205639173372,18.57078488428752,Critical Delay,1,1.45,79.0,83.14285714285714
879,2026-04-09,Control Valve,Siemens India,3,0.6,47.883748113035395,44.687074512471995,62.790705176241985,11.837511571922414,80,115,6,682,3.28,0,1,61.338108440164,16.651033927692005,Critical Delay,0,0.7,81.0,82.0
880,2026-04-10,Bearing Unit,Larsen & Toubro,2,0.7927926843088696,58.566286229293205,53.31892160710069,93.17942271317007,23.50220631236704,80,85,8,727,3.23,0,1,69.37773657088573,16.05881496378504,Critical Delay,0,0.94,80.0,81.0
881,2026-04-11,Conveyor Belt,ABB Group,2,0.6773519129074567,96.71200050012659,99.93499932240063,157.4046651955718,41.216846614454305,87,92,7,653,4.4,0,1,122.12220381745706,22.187204495056434,Critical Delay,0,0.95,80.0,82.0
882,2026-04-12,Gear Assembly,Larsen & Toubro,1,0.948986057742481,105.89955695298397,100.34213571767415,170.79674461986863,24.68712153976637,82,122,7,710,4.98,0,0,102.04004361513033,1.6979078974561759,Minor Delay,0,0.67,87.0,81.14285714285714
883,2026-04-13,Control Valve,ABB Group,2,0.8459469806801106,108.56232226644623,100.06161905629861,151.0742559401334,36.94817931707479,86,79,6,383,3.03,7,0,98.84185679131801,0.0,On Schedule,1,1.09,82.0,82.14285714285714
884,2026-04-14,Bearing Unit,Tata Steel Ltd,3,0.9651786282672017,73.2085741483946,70.00418602580245,98.92831593340429,16.198239675403464,88,115,4,491,2.38,0,0,70.38080645061164,0.37662042480918956,Minor Delay,0,0.77,86.0,83.42857142857143
885,2026-04-15,Cooling Fan,ABB Group,2,0.6526214124532925,47.14719218334935,44.05863376523122,83.61796304411153,17.890225252872277,85,81,5,340,1.74,4,1,51.090076638124444,7.031442872893223,Moderate Delay,1,1.05,88.0,84.0
886,2026-04-16,Hydraulic Pump,Larsen & Toubro,5,0.8298733895897997,75.0225181839696,75.51401119286349,131.5879743098221,20.95538651159788,78,75,7,651,1.02,3,0,74.0101250583037,0.0,On Schedule,1,1.04,85.0,83.71428571428571
887,2026-04-17,Gear Assembly,Siemens India,1,0.9082482963588977,58.458767216564304,61.09568933722765,86.19101980507281,20.945036033342923,77,66,7,623,3.04,11,0,62.99758962208206,1.9019002848544133,Minor Delay,1,1.17,78.0,83.28571428571429
888,2026-04-18,Gear Assembly,Mahindra Industrial,3,0.7051376997087506,63.29571639972993,60.4135916301004,108.09112786245487,22.48506286931781,85,85,9,560,3.22,0,1,72.35415213661312,11.940560506512725,Moderate Delay,0,1.0,77.0,83.0
889,2026-04-19,Conveyor Belt,Larsen & Toubro,1,0.6137383871464378,101.78140454700046,104.46595809923956,149.760556774322,48.58090600581889,84,61,8,608,4.3,23,1,120.23101302613487,15.765054926895317,Critical Delay,1,1.38,85.0,83.28571428571429
890,2026-04-20,Gear Assembly,ABB Group,3,0.7766739025273713,46.04216688207095,44.946212407312146,66.97447425429279,16.79272778611052,85,79,8,677,3.02,6,1,66.17198948623295,21.2257770789208,Critical Delay,1,1.08,84.0,83.14285714285714
891,2026-04-21,Control Valve,Mahindra Industrial,5,0.9058607766476425,106.20649739845616,96.30062408412321,137.43734302997467,39.8167674355434,85,99,9,435,4.67,0,0,93.96363219148935,0.0,On Schedule,0,0.86,85.0,82.71428571428571
892,2026-04-22,Bearing Unit,ABB Group,1,0.7685714210620466,74.21352686593352,74.02100704404681,108.04329063667849,23.785133885097004,99,112,8,577,3.51,0,1,83.34986871228024,9.32886166823343,Moderate Delay,0,0.88,85.0,84.71428571428571
893,2026-04-23,Bearing Unit,Siemens India,4,0.9039352520532336,87.6851144880476,84.81639640212231,133.4962168590212,42.50306899661634,80,72,4,405,4.36,8,0,86.7930762406923,1.9766798385699929,Minor Delay,1,1.11,99.0,85.0
894,2026-04-24,Cooling Fan,ABB Group,3,0.8280634344210984,47.17217849885432,46.728906677044236,57.24356108890279,20.432901433834772,77,92,6,306,1.59,0,0,47.34528548008985,0.6163788030456132,Minor Delay,0,0.84,80.0,85.0
895,2026-04-25,Hydraulic Pump,Tata Steel Ltd,4,0.869691075402009,66.98872626858237,69.08191362906481,98.23681024390652,19.13342631402718,89,133,6,705,4.42,0,0,67.20337083802728,0.0,On Schedule,0,0.67,77.0,85.57142857142857
896,2026-04-26,Conveyor Belt,Bosch India,1,0.8627114257600155,47.17607352118766,45.047200225357344,78.72807926857467,21.383162749998803,86,87,6,601,3.7,0,0,45.29941253839405,0.25221231303670777,Minor Delay,0,0.99,89.0,85.85714285714286
897,2026-04-27,Hydraulic Pump,Larsen & Toubro,4,0.7207347263189502,116.92349783048877,120.80538086926384,188.01621555485218,38.55188803070154,90,79,6,329,1.68,11,1,141.86397769674937,21.05859682748553,Critical Delay,1,1.14,86.0,86.57142857142857
898,2026-04-28,Gear Assembly,Bosch India,4,0.6088824069082255,104.58093194610004,105.3771831789961,165.35230423180147,46.91502103237678,91,102,4,425,1.76,0,0,104.07217620008015,0.0,On Schedule,0,0.89,90.0,87.42857142857143
899,2026-04-29,Cooling Fan,ABB Group,1,0.6105540543177713,76.77062034851681,73.93493146174377,134.0210251077112,34.306212313788805,95,127,8,656,4.71,0,1,86.92770111162248,12.99276964987871,Moderate Delay,0,0.75,91.0,86.85714285714286
900,2026-04-30,Hydraulic Pump,Siemens India,5,0.7053430016520411,57.888203865893686,56.877925216102405,70.09214903559725,14.857647535833996,82,61,7,699,1.13,21,1,65.65620234477632,8.778277128673913,Moderate Delay,1,1.34,95.0,87.14285714285714
